month,from,to,distance_km,start_time,end_time
1,Berlin,Ústí nad Labem,204.82,2024-01-02T19:31:10.948Z,2024-01-02T22:20:25.949Z
1,Ústí nad Labem,Weppersdorf,390.87,2024-01-02T22:24:27.904Z,2024-01-03T03:30:39.771Z
1,Weppersdorf,Weppersdorf,1.49,2024-01-04T12:03:00.634Z,2024-01-04T12:07:02.722Z
1,Weppersdorf,Weppersdorf,1.46,2024-01-04T12:17:07.662Z,2024-01-04T12:25:42.722Z
1,Weppersdorf,Stoob Süd,9.28,2024-01-04T17:00:08.520Z,2024-01-04T17:10:10.542Z
1,Stoob Süd,Šentilj v Slovenskih goricah,111.95,2024-01-04T17:28:59.443Z,2024-01-04T19:25:18.961Z
1,Šentilj v Slovenskih goricah,Tončići,138.34,2024-01-04T19:31:18.687Z,2024-01-04T21:06:37.084Z
1,Tončići,Grad Slunj,29.8,2024-01-04T21:14:39.363Z,2024-01-04T22:26:21.366Z
1,Grad Slunj,Gralla,182.59,2024-01-05T10:31:54.493Z,2024-01-05T13:29:54.779Z
1,Gralla,Weppersdorf,106.58,2024-01-05T13:35:55.788Z,2024-01-05T15:37:29.119Z
1,Weppersdorf,Vienna,66.6,2024-01-05T15:51:06.905Z,2024-01-05T17:03:27.133Z
1,Vienna,Weppersdorf,66.63,2024-01-05T18:01:08.138Z,2024-01-05T18:54:36.645Z
1,Weppersdorf,Lackenbach,3.38,2024-01-06T07:13:17.410Z,2024-01-06T07:44:21.366Z
1,Lackenbach,Weppersdorf,3.38,2024-01-06T15:50:58.605Z,2024-01-06T16:14:49.544Z
1,Weppersdorf,Stoob Süd,9.19,2024-01-08T08:05:44.638Z,2024-01-08T08:23:02.457Z
1,Stoob Süd,Weppersdorf,7.89,2024-01-08T08:41:27.247Z,2024-01-08T08:49:30.769Z
1,Weppersdorf,Weppersdorf,1.43,2024-01-08T08:57:19.584Z,2024-01-08T09:01:21.546Z
1,Weppersdorf,Stoob Süd,9.34,2024-01-09T08:32:43.027Z,2024-01-09T08:45:32.714Z
1,Stoob Süd,Oberpullendorf/Felsőpulya,0.94,2024-01-09T09:12:36.779Z,2024-01-09T09:16:38.483Z
1,Stoob Süd,Weppersdorf,10.17,2024-01-09T09:30:42.428Z,2024-01-09T09:38:46.058Z
1,Weppersdorf,Kaisersdorf,5.92,2024-01-10T11:02:21.813Z,2024-01-10T11:10:21.346Z
1,Kaisersdorf,Weppersdorf,4.85,2024-01-10T11:26:36.670Z,2024-01-10T11:37:19.853Z
1,Weppersdorf,Weppersdorf,1.39,2024-01-10T11:43:20.788Z,2024-01-10T11:49:22.652Z
1,Weppersdorf,Weppersdorf,1.43,2024-01-12T08:07:41.199Z,2024-01-12T08:13:44.092Z
1,Weppersdorf,Weppersdorf,1.4,2024-01-12T08:25:43.966Z,2024-01-12T08:29:44.067Z
1,Weppersdorf,Kalkgruben,4.33,2024-01-15T11:56:52.400Z,2024-01-15T12:02:54.187Z
1,Kalkgruben,Weppersdorf,4.29,2024-01-15T12:52:07.099Z,2024-01-15T13:04:46.914Z
1,Weppersdorf,Weppersdorf,1.47,2024-01-15T15:30:51.545Z,2024-01-15T15:53:05.583Z
1,Weppersdorf,Weppersdorf,1.44,2024-01-15T16:11:09.242Z,2024-01-15T16:15:10.689Z
1,Weppersdorf,Kaisersdorf,5.91,2024-01-16T11:02:32.939Z,2024-01-16T11:12:27.163Z
1,Kaisersdorf,Weppersdorf,5.94,2024-01-16T11:34:23.305Z,2024-01-16T11:44:26.761Z
1,Weppersdorf,Weppersdorf,1.45,2024-01-17T07:17:04.911Z,2024-01-17T08:21:16.775Z
1,Weppersdorf,Lackenbach,2.94,2024-01-17T08:34:22.742Z,2024-01-17T08:39:40.715Z
1,Lackenbach,Weppersdorf,2.7,2024-01-17T08:45:42.007Z,2024-01-17T08:55:46.003Z
1,Weppersdorf,Lichtenwörth,29.34,2024-01-17T12:17:43.418Z,2024-01-17T12:55:59.867Z
1,Lichtenwörth,Wiener Neustadt,5.96,2024-01-17T13:51:38.024Z,2024-01-17T14:17:51.914Z
1,Wiener Neustadt,Weppersdorf,30.5,2024-01-17T15:09:53.770Z,2024-01-17T15:55:46.009Z
1,Weppersdorf,Kaisersdorf,5.77,2024-01-18T07:35:28.933Z,2024-01-18T07:43:31.432Z
1,Kaisersdorf,Weppersdorf,5.85,2024-01-18T07:53:36.223Z,2024-01-18T08:05:41.272Z
1,Weppersdorf,Stoob Süd,9.24,2024-01-18T10:27:33.193Z,2024-01-18T10:45:39.190Z
1,Stoob Süd,Kaisersdorf,7.86,2024-01-18T10:58:07.438Z,2024-01-18T11:11:59.545Z
1,Kaisersdorf,Weppersdorf,4.85,2024-01-18T11:29:09.380Z,2024-01-18T11:37:10.238Z
1,Weppersdorf,Weppersdorf,1.38,2024-01-18T11:43:11.178Z,2024-01-18T11:49:14.092Z
1,Weppersdorf,Vienna,66.0,2024-01-19T07:31:15.210Z,2024-01-19T08:26:04.192Z
1,Vienna,Vienna,3.38,2024-01-19T09:55:12.218Z,2024-01-19T10:12:03.170Z
1,Vienna,Vienna,4.14,2024-01-19T12:13:27.072Z,2024-01-19T12:34:00.767Z
1,Vienna,Weppersdorf,64.66,2024-01-19T12:44:03.021Z,2024-01-19T13:26:22.078Z
1,Weppersdorf,Tschurndorf,0.23,2024-01-20T10:42:57.363Z,2024-01-20T11:03:04.388Z
1,Tschurndorf,Weppersdorf,0.19,2024-01-20T11:29:17.416Z,2024-01-20T11:43:22.337Z
1,Weppersdorf,Weppersdorf,0.0,2024-01-20T16:14:38.672Z,2024-01-20T16:29:48.614Z
1,Weppersdorf,Stoob Süd,9.13,2024-01-22T15:10:28.033Z,2024-01-22T15:38:37.486Z
1,Stoob Süd,Weppersdorf,9.31,2024-01-22T15:54:31.561Z,2024-01-22T16:14:15.610Z
1,Weppersdorf,Stoob Süd,9.18,2024-01-24T14:17:52.625Z,2024-01-24T14:27:55.953Z
1,Stoob Süd,Stoob Süd,1.19,2024-01-24T14:41:32.886Z,2024-01-24T14:47:36.958Z
1,Stoob Süd,Weppersdorf,10.31,2024-01-24T15:15:43.040Z,2024-01-24T15:31:04.009Z
1,Weppersdorf,Weppersdorf,0.03,2024-01-25T07:26:25.977Z,2024-01-25T08:08:17.707Z
1,Weppersdorf,Kaisersdorf,5.81,2024-01-25T11:12:08.547Z,2024-01-25T11:20:09.745Z
1,Kaisersdorf,Weppersdorf,5.96,2024-01-25T11:31:14.040Z,2024-01-25T11:44:55.499Z
1,Weppersdorf,Mattersburg,18.04,2024-01-25T12:42:00.452Z,2024-01-25T12:58:06.629Z
1,Mattersburg,Weppersdorf,18.06,2024-01-25T13:50:10.220Z,2024-01-25T14:06:20.701Z
1,Weppersdorf,Weppersdorf,1.21,2024-01-27T09:05:49.491Z,2024-01-27T09:21:57.068Z
1,Weppersdorf,Weppersdorf,1.19,2024-01-27T09:36:04.715Z,2024-01-27T09:40:06.870Z
1,Weppersdorf,Hammerteich,20.07,2024-01-28T15:07:30.954Z,2024-01-28T15:41:00.843Z
1,Hammerteich,Weppersdorf,20.08,2024-01-28T16:29:55.296Z,2024-01-28T17:04:11.988Z
1,Weppersdorf,Kaisersdorf,5.81,2024-01-29T10:57:11.723Z,2024-01-29T11:08:33.536Z
1,Kaisersdorf,Horitschon,13.01,2024-01-29T11:24:40.511Z,2024-01-29T11:40:45.767Z
1,Horitschon,Weppersdorf,9.25,2024-01-29T12:59:55.009Z,2024-01-29T13:14:02.122Z
1,Weppersdorf,Kaisersdorf,5.9,2024-01-30T10:54:54.075Z,2024-01-30T11:12:38.406Z
1,Kaisersdorf,Weppersdorf,5.79,2024-01-30T11:29:30.883Z,2024-01-30T12:20:00.264Z
1,Weppersdorf,Kaisersdorf,5.94,2024-01-31T07:11:46.951Z,2024-01-31T07:23:06.329Z
1,Kaisersdorf,Weppersdorf,5.8,2024-01-31T07:29:35.480Z,2024-01-31T07:35:36.693Z
1,Weppersdorf,Vienna,65.97,2024-01-31T07:40:43.327Z,2024-01-31T08:31:23.783Z
1,Vienna,Vienna,12.79,2024-01-31T09:55:35.802Z,2024-01-31T10:21:58.802Z
1,Vienna,Vienna,0.49,2024-01-31T10:27:17.801Z,2024-01-31T10:29:58.803Z
1,Vienna,Schwechat,15.63,2024-01-31T10:37:08.803Z,2024-01-31T11:05:22.240Z
1,Schwechat,Vienna,20.79,2024-01-31T11:33:23.473Z,2024-01-31T12:13:03.808Z
1,Vienna,Vienna,3.77,2024-01-31T13:11:30.814Z,2024-01-31T13:25:46.817Z
1,Vienna,Vienna,3.11,2024-01-31T13:59:18.697Z,2024-01-31T14:20:14.828Z
1,Vienna,Vienna,0.28,2024-01-31T14:20:14.828Z,2024-01-31T15:39:45.701Z
1,Vienna,Vienna,5.64,2024-01-31T15:39:45.701Z,2024-01-31T15:56:01.703Z
1,Vienna,Weppersdorf,66.61,2024-01-31T17:29:18.005Z,2024-01-31T19:04:54.783Z
2,Weppersdorf,Weppersdorf,0.05,2024-02-01T07:43:05.305Z,2024-02-01T08:17:19.173Z
2,Weppersdorf,Mattersburg,18.07,2024-02-01T11:57:13.144Z,2024-02-01T12:13:17.452Z
2,Mattersburg,Mattersburg,1.92,2024-02-01T13:14:58.611Z,2024-02-01T13:25:03.206Z
2,Mattersburg,Weppersdorf,16.22,2024-02-01T13:35:08.593Z,2024-02-01T14:01:15.783Z
2,Weppersdorf,Horitschon,9.23,2024-02-02T08:34:41.906Z,2024-02-02T08:46:46.844Z
2,Horitschon,Weppersdorf,9.24,2024-02-02T09:38:40.464Z,2024-02-02T09:48:43.476Z
2,Weppersdorf,Tattendorf,42.46,2024-02-04T11:10:01.786Z,2024-02-04T11:49:01.325Z
2,Tattendorf,Weppersdorf,42.43,2024-02-04T13:31:14.894Z,2024-02-04T14:11:24.053Z
2,Weppersdorf,Kaisersdorf,5.89,2024-02-05T11:04:46.507Z,2024-02-05T11:14:49.189Z
2,Kaisersdorf,Weppersdorf,4.82,2024-02-05T11:30:09.074Z,2024-02-05T11:40:44.052Z
2,Weppersdorf,Weppersdorf,1.4,2024-02-05T11:57:22.939Z,2024-02-05T12:01:25.998Z
2,Weppersdorf,Landsee,6.13,2024-02-05T12:58:44.005Z,2024-02-05T13:29:58.890Z
2,Landsee,Weppersdorf,6.51,2024-02-05T13:52:04.978Z,2024-02-05T14:10:14.248Z
2,Weppersdorf,Kaisersdorf,5.92,2024-02-06T11:08:43.245Z,2024-02-06T11:17:56.890Z
2,Kaisersdorf,Zemendorf-Stöttera,25.21,2024-02-06T11:25:33.140Z,2024-02-08T07:55:29Z
2,Zemendorf-Stöttera,Weppersdorf,19.52,2024-02-08T08:01:05Z,2024-02-08T08:21:28Z
2,Weppersdorf,Kaisersdorf,5.87,2024-02-08T11:08:18Z,2024-02-08T11:17:39Z
2,Kaisersdorf,Mattersburg,23.35,2024-02-08T11:28:40Z,2024-02-08T11:51:43Z
2,Mattersburg,Weppersdorf,18.03,2024-02-08T13:30:04Z,2024-02-08T13:54:12Z
2,Weppersdorf,Weppersdorf,0.32,2024-02-09T12:52:13Z,2024-02-09T13:30:20Z
2,Weppersdorf,Weppersdorf,0.94,2024-02-09T13:54:25Z,2024-02-09T14:06:30Z
2,Weppersdorf,Weppersdorf,0.47,2024-02-10T14:00:14Z,2024-02-10T14:18:39Z
2,Weppersdorf,Enns,162.36,2024-02-13T09:11:03Z,2024-02-13T11:11:15Z
2,Enns,Schörfling am Attersee,66.39,2024-02-13T11:17:15Z,2024-02-13T12:02:05Z
2,Schörfling am Attersee,Salzburg,45.17,2024-02-13T12:08:05Z,2024-02-13T12:42:00Z
2,Salzburg,Hall in Tirol,134.35,2024-02-13T12:48:05Z,2024-02-13T14:31:02Z
2,Hall in Tirol,Thaur,0.36,2024-02-13T14:38:09Z,2024-02-13T14:42:11Z
2,Thaur,Reutte,60.42,2024-02-13T14:50:43Z,2024-02-13T16:11:21Z
2,Reutte,Bach,34.83,2024-02-13T16:44:22Z,2024-02-13T17:21:04Z
2,Bach,Bach,0.27,2024-02-14T09:52:32Z,2024-02-14T09:58:35Z
2,Bach,Bach,1.59,2024-02-14T10:10:42Z,2024-02-14T10:12:43Z
2,Bach,Bach,1.53,2024-02-14T10:56:04Z,2024-02-14T11:10:07Z
2,Bach,Holzgau,3.15,2024-02-14T16:04:59Z,2024-02-14T16:19:00Z
2,Holzgau,Bach,3.14,2024-02-14T19:07:37Z,2024-02-14T19:19:44Z
2,Bach,Untergiblen,3.79,2024-02-15T09:09:33Z,2024-02-15T09:19:37Z
2,Untergiblen,Bach,3.8,2024-02-15T15:36:24Z,2024-02-15T16:03:05Z
2,Bach,Bach,0.71,2024-02-15T16:21:10Z,2024-02-15T16:29:12Z
2,Bach,Innsbruck,76.44,2024-02-16T09:30:33Z,2024-02-16T11:42:33Z
2,Innsbruck,Innsbruck,1.34,2024-02-16T13:57:29Z,2024-02-16T14:05:32Z
2,Innsbruck,Innsbruck,0.61,2024-02-16T14:14:05Z,2024-02-16T14:16:06Z
2,Innsbruck,Vomp,25.35,2024-02-16T14:22:09Z,2024-02-16T15:00:25Z
2,Vomp,Weppersdorf,356.09,2024-02-16T15:36:45Z,2024-02-16T20:30:59Z
2,Weppersdorf,Stoob,7.19,2024-02-17T07:53:36Z,2024-02-17T08:11:11Z
2,Stoob Süd,Weppersdorf,9.19,2024-02-17T08:36:47Z,2024-02-17T09:04:41Z
2,Weppersdorf,Stoob Süd,9.36,2024-02-19T08:13:15.496Z,2024-02-19T10:34:40Z
2,Stoob Süd,Kaisersdorf,8.0,2024-02-19T11:09:10Z,2024-02-19T11:19:14Z
2,Kaisersdorf,Weppersdorf,5.8,2024-02-19T11:29:20Z,2024-02-19T11:39:22Z
2,Weppersdorf,Horitschon,9.25,2024-02-20T08:25:38Z,2024-02-20T08:50:55Z
2,Horitschon,Weppersdorf,9.12,2024-02-20T09:27:38Z,2024-02-20T09:39:41Z
2,Weppersdorf,Stoob Süd,9.06,2024-02-20T09:47:31Z,2024-02-20T10:05:15Z
2,Stoob Süd,Weppersdorf,8.75,2024-02-20T10:28:43Z,2024-02-20T10:44:50Z
2,Weppersdorf,Weppersdorf,0.05,2024-02-21T07:18:54Z,2024-02-21T07:47:21Z
2,Weppersdorf,Kaisersdorf,5.92,2024-02-21T11:03:16Z,2024-02-21T11:13:30Z
2,Kaisersdorf,Weppersdorf,5.94,2024-02-21T11:21:43Z,2024-02-21T11:35:48Z
2,Weppersdorf,Kaisersdorf,5.84,2024-02-22T11:02:45Z,2024-02-22T11:15:15Z
2,Kaisersdorf,Weppersdorf,5.94,2024-02-22T11:25:17Z,2024-02-22T11:51:26Z
2,Weppersdorf,Weppersdorf,1.01,2024-02-22T17:13:31Z,2024-02-22T17:17:31Z
2,Weppersdorf,Weppersdorf,0.45,2024-02-22T17:28:04Z,2024-02-22T17:28:45Z
2,Weppersdorf,Stoob Süd,9.99,2024-02-23T08:48:39Z,2024-02-23T09:04:45Z
2,Oberpullendorf/Felsőpulya,Weppersdorf,9.43,2024-02-23T09:16:48Z,2024-02-23T09:43:28Z
2,Weppersdorf,Weppersdorf,0.9,2024-02-23T09:58:03Z,2024-02-23T10:12:07Z
2,Weppersdorf,Weppersdorf,0.43,2024-02-23T15:48:21Z,2024-02-23T16:06:26Z
2,Weppersdorf,Stoob Süd,9.3,2024-02-24T10:09:36Z,2024-02-24T10:26:01Z
2,Stoob Süd,Stoob Süd,0.97,2024-02-24T10:38:06Z,2024-02-24T10:42:06Z
2,Stoob Süd,Weppersdorf,10.24,2024-02-24T11:08:46Z,2024-02-24T11:22:51Z
2,Weppersdorf,Horitschon,9.23,2024-02-26T08:39:18Z,2024-02-26T08:54:25Z
2,Horitschon,Weppersdorf,9.24,2024-02-26T10:59:09Z,2024-02-26T11:21:18Z
2,Weppersdorf,Oberpullendorf/Felsőpulya,11.91,2024-02-28T06:57:58Z,2024-02-28T07:38:03Z
2,Oberpullendorf/Felsőpulya,Weppersdorf,11.82,2024-02-28T08:15:12Z,2024-02-28T08:31:19Z
2,Weppersdorf,Kaisersdorf,5.82,2024-02-28T11:09:07Z,2024-02-28T11:23:24Z
2,Kaisersdorf,Weppersdorf,5.92,2024-02-28T11:32:11Z,2024-02-28T11:42:56Z
3,Weppersdorf,Weppersdorf,0.33,2024-03-02T15:38:30Z,2024-03-02T16:03:01Z
3,Weppersdorf,Kaisersdorf,5.94,2024-03-04T11:06:57Z,2024-03-04T11:35:20Z
3,Weppersdorf,Gloggnitz,38.71,2024-03-05T06:02:12Z,2024-03-05T06:59:34Z
3,Gloggnitz,Vienna,64.86,2024-03-05T07:30:11Z,2024-03-05T08:21:29Z
3,Vienna,Vienna,3.38,2024-03-05T08:49:11Z,2024-03-05T09:05:13Z
3,Vienna,Weppersdorf,68.74,2024-03-05T09:52:16Z,2024-03-05T10:56:52Z
3,Wöllersdorf-Steinabrückl,Pranhartsberg,83.76,2024-03-06T11:57:52Z,2024-03-06T13:13:06Z
3,Pranhartsberg,Vienna,50.62,2024-03-06T14:42:21Z,2024-03-06T15:39:02Z
3,Vienna,Vienna,0.31,2024-03-06T15:39:02Z,2024-03-06T15:45:29Z
3,Vienna,Vienna,0.46,2024-03-06T17:32:18Z,2024-03-06T17:44:40Z
3,Vienna,Vienna,6.68,2024-03-06T17:44:40Z,2024-03-06T18:10:34Z
3,Vienna,Weppersdorf,66.59,2024-03-06T18:14:17Z,2024-03-06T19:24:08Z
3,Weppersdorf,Kaisersdorf,5.95,2024-03-07T10:49:15Z,2024-03-07T11:43:32Z
3,Kalkgruben,Weppersdorf,4.28,2024-03-07T12:52:03Z,2024-03-07T12:58:04Z
3,Weppersdorf,Kaisersdorf,5.31,2024-03-08T06:41:18Z,2024-03-08T06:59:06Z
3,Kaisersdorf,Weppersdorf,4.95,2024-03-08T07:05:06Z,2024-03-08T07:39:35Z
3,Weppersdorf,Weppersdorf,1.2,2024-03-08T16:31:48Z,2024-03-08T16:35:49Z
3,Weppersdorf,Weppersdorf,1.22,2024-03-08T16:39:50Z,2024-03-08T16:45:51Z
3,Weppersdorf,Mattersburg,18.06,2024-03-10T08:29:31Z,2024-03-10T08:55:43Z
3,Mattersburg,Weppersdorf,18.06,2024-03-10T08:59:44Z,2024-03-10T09:18:34Z
3,Weppersdorf,Schwechat,60.49,2024-03-10T12:47:15Z,2024-03-10T13:39:16Z
3,Schwechat,el Prat de Llobregat,1368.88,2024-03-10T15:10:25Z,2024-03-10T17:44:07Z
3,el Prat de Llobregat,Barcelona,9.49,2024-03-10T18:43:26Z,2024-03-10T18:55:07Z
3,Barcelona,el Prat de Llobregat,9.66,2024-03-10T20:08:53Z,2024-03-10T20:23:47Z
3,el Prat de Llobregat,Castelldefels,8.98,2024-03-10T20:41:12Z,2024-03-10T20:53:51Z
3,Castelldefels,Castelldefels,0.15,2024-03-10T21:12:01Z,2024-03-10T21:14:21Z
3,Castelldefels,Castelldefels,0.08,2024-03-11T07:04:14Z,2024-03-11T07:45:02Z
3,Gavà,Gavà,0.06,2024-03-11T08:15:00Z,2024-03-11T08:15:50Z
3,Gavà,Gavà,0.31,2024-03-11T12:04:36Z,2024-03-11T12:08:38Z
3,Gavà,Gavà,0.21,2024-03-11T12:34:27Z,2024-03-11T12:36:27Z
3,Gavà,Castelldefels,3.76,2024-03-11T18:08:21Z,2024-03-11T18:19:22Z
3,Castelldefels,Castelldefels,0.41,2024-03-11T18:40:04Z,2024-03-11T18:45:40Z
3,Castelldefels,Castelldefels,0.11,2024-03-11T19:11:18Z,2024-03-11T19:15:20Z
3,Castelldefels,Castelldefels,0.14,2024-03-11T19:59:52Z,2024-03-11T20:03:42Z
3,Castelldefels,Castelldefels,0.2,2024-03-12T07:49:18Z,2024-03-12T07:56:11Z
3,Castelldefels,Gavà,3.77,2024-03-12T07:56:11Z,2024-03-12T08:02:16Z
3,Gavà,Gavà,0.15,2024-03-12T08:02:16Z,2024-03-12T08:10:29Z
3,Gavà,Gavà,0.24,2024-03-12T12:58:12Z,2024-03-12T13:02:13Z
3,Gavà,Gavà,0.22,2024-03-12T14:14:58Z,2024-03-12T14:23:00Z
3,Gavà,Gavà,0.19,2024-03-12T18:12:53Z,2024-03-12T18:23:10Z
3,Gavà,Castelldefels,3.65,2024-03-12T18:39:13Z,2024-03-12T18:49:21Z
3,Castelldefels,Gavà,3.7,2024-03-13T08:06:16Z,2024-03-13T08:10:58Z
3,Gavà,Gavà,0.17,2024-03-13T08:10:58Z,2024-03-13T08:19:18Z
3,Gavà,Gavà,0.65,2024-03-13T12:18:30Z,2024-03-13T12:33:05Z
3,Gavà,Gavà,0.58,2024-03-13T13:21:54Z,2024-03-13T13:26:17Z
3,Gavà,Gavà,0.13,2024-03-13T13:40:20Z,2024-03-13T13:42:21Z
3,Gavà,Castelldefels,3.77,2024-03-13T17:45:51Z,2024-03-13T17:57:53Z
3,Castelldefels,Castelldefels,0.25,2024-03-13T17:57:53Z,2024-03-13T18:01:38Z
3,Castelldefels,Gavà,3.77,2024-03-14T07:47:48Z,2024-03-14T07:56:14Z
3,Gavà,Gavà,0.15,2024-03-14T07:56:14Z,2024-03-14T07:58:13Z
3,Gavà,Gavà,0.63,2024-03-14T12:05:24Z,2024-03-14T12:21:27Z
3,Gavà,Gavà,0.74,2024-03-14T13:08:34Z,2024-03-14T13:22:40Z
3,Gavà,Gavà,0.17,2024-03-14T16:56:47Z,2024-03-14T17:01:06Z
3,Gavà,Barcelona,13.77,2024-03-14T17:06:39Z,2024-03-14T17:28:06Z
3,Barcelona,Barcelona,0.98,2024-03-14T17:34:56Z,2024-03-14T17:48:55Z
3,Barcelona,Barcelona,0.31,2024-03-14T18:39:53Z,2024-03-14T18:49:55Z
3,Barcelona,Barcelona,4.31,2024-03-14T18:49:55Z,2024-03-14T19:10:38Z
3,Barcelona,Barcelona,0.19,2024-03-14T20:26:36Z,2024-03-14T20:43:00Z
3,Barcelona,l'Hospitalet de Llobregat,5.24,2024-03-14T20:43:00Z,2024-03-14T20:57:38Z
3,l'Hospitalet de Llobregat,Castelldefels,15.93,2024-03-14T21:28:36Z,2024-03-14T21:46:26Z
3,Castelldefels,Castelldefels,0.08,2024-03-14T21:46:26Z,2024-03-14T21:48:26Z
3,Castelldefels,Castelldefels,0.05,2024-03-15T07:55:53Z,2024-03-15T08:02:17Z
3,Castelldefels,Gavà,3.77,2024-03-15T08:02:17Z,2024-03-15T08:09:00Z
3,Gavà,Gavà,0.19,2024-03-15T08:09:00Z,2024-03-15T08:13:38Z
3,Gavà,Gavà,0.36,2024-03-15T12:12:54Z,2024-03-15T12:22:59Z
3,Gavà,Gavà,0.26,2024-03-15T13:21:18Z,2024-03-15T13:26:35Z
3,Gavà,Gavà,0.39,2024-03-15T17:28:12Z,2024-03-15T17:41:02Z
3,Gavà,Gavà,2.42,2024-03-15T17:41:02Z,2024-03-15T17:45:03Z
3,Castelldefels,Castelldefels,0.18,2024-03-16T09:27:14Z,2024-03-16T09:27:57Z
3,Castelldefels,Barcelona,20.35,2024-03-16T09:53:33Z,2024-03-16T10:22:58Z
3,Barcelona,Barcelona,1.48,2024-03-16T10:35:10Z,2024-03-16T11:01:52Z
3,Barcelona,Barcelona,0.29,2024-03-16T11:01:52Z,2024-03-16T12:05:26Z
3,Barcelona,Barcelona,1.87,2024-03-16T12:05:26Z,2024-03-16T12:24:42Z
3,Barcelona,Barcelona,0.51,2024-03-16T12:24:42Z,2024-03-16T13:33:37Z
3,Barcelona,Barcelona,0.92,2024-03-16T13:33:37Z,2024-03-16T14:59:38Z
3,Barcelona,Barcelona,1.76,2024-03-16T15:31:44Z,2024-03-16T16:04:27Z
3,Barcelona,Barcelona,0.33,2024-03-16T19:09:18Z,2024-03-16T19:19:20Z
3,Barcelona,Barcelona,0.94,2024-03-16T19:19:20Z,2024-03-16T19:24:24Z
3,Barcelona,Castelldefels,17.42,2024-03-16T19:30:35Z,2024-03-16T19:58:46Z
3,Castelldefels,Castelldefels,0.25,2024-03-16T19:58:46Z,2024-03-16T20:05:07Z
3,Castelldefels,el Prat de Llobregat,8.83,2024-03-17T05:59:58Z,2024-03-17T06:34:22Z
3,el Prat de Llobregat,Schwechat,1369.11,2024-03-17T09:06:16Z,2024-03-17T11:39:44Z
3,Schwechat,Wiener Neustadt,42.21,2024-03-17T12:30:33Z,2024-03-17T13:32:27Z
3,Wiener Neustadt,Weppersdorf,28.83,2024-03-17T13:32:27Z,2024-03-17T14:08:21Z
3,Weppersdorf,Weppersdorf,1.02,2024-03-18T08:55:14Z,2024-03-18T08:57:31Z
3,Weppersdorf,Weppersdorf,1.02,2024-03-18T09:23:48Z,2024-03-18T09:26:34Z
3,Weppersdorf,Kaisersdorf,5.95,2024-03-18T11:12:47Z,2024-03-18T11:20:52Z
3,Kaisersdorf,Weppersdorf,5.97,2024-03-18T11:26:55Z,2024-03-18T11:36:57Z
3,Weppersdorf,Stoob Süd,9.92,2024-03-19T07:07:46Z,2024-03-19T07:31:55Z
3,Stoob Süd,Horitschon,8.57,2024-03-19T07:48:17Z,2024-03-19T07:58:46Z
3,Horitschon,Weppersdorf,9.24,2024-03-19T08:39:53Z,2024-03-19T08:51:57Z
3,Kaisersdorf,Kaisersdorf,0.12,2024-03-20T11:10:25Z,2024-03-20T11:46:55Z
3,Weppersdorf,Weppersdorf,0.01,2024-03-21T11:46:18Z,2024-03-21T12:14:26Z
3,Weppersdorf,Horitschon,9.17,2024-03-22T06:54:56Z,2024-03-22T07:06:59Z
3,Horitschon,Horitschon,1.2,2024-03-22T07:13:00Z,2024-03-22T08:01:04Z
3,Weppersdorf,Weppersdorf,1.19,2024-03-22T08:16:48Z,2024-03-22T08:30:48Z
3,Weppersdorf,Weppersdorf,1.47,2024-03-22T10:40:02Z,2024-03-22T10:46:05Z
3,Weppersdorf,Kaisersdorf,4.72,2024-03-22T10:50:07Z,2024-03-22T11:02:08Z
3,Kaisersdorf,Weppersdorf,5.89,2024-03-22T11:31:53Z,2024-03-22T11:40:39Z
3,Weppersdorf,Weikersdorf am Steinfelde,33.16,2024-03-23T15:58:32Z,2024-03-23T16:49:00Z
3,Weikersdorf am Steinfelde,Weppersdorf,33.17,2024-03-24T03:32:09Z,2024-03-24T04:06:23Z
3,Weppersdorf,Kaisersdorf,5.83,2024-03-25T13:22:41Z,2024-03-25T13:32:46Z
3,Kaisersdorf,Weppersdorf,5.9,2024-03-25T14:25:56Z,2024-03-25T14:36:04Z
3,Weppersdorf,Weppersdorf,1.45,2024-03-25T14:47:29Z,2024-03-25T14:55:32Z
3,Weppersdorf,Weppersdorf,1.12,2024-03-25T15:11:45Z,2024-03-25T15:24:41Z
3,Weppersdorf,Kaisersdorf,5.83,2024-03-26T16:22:30Z,2024-03-26T16:38:06Z
3,Kaisersdorf,Weppersdorf,5.86,2024-03-26T16:45:31Z,2024-03-26T16:57:10Z
3,Weppersdorf,Mattersburg,18.03,2024-03-27T07:40:03Z,2024-03-27T07:57:37Z
3,Mattersburg,Vienna,50.91,2024-03-27T08:04:08Z,2024-03-27T08:57:26Z
3,Vienna,Vienna,3.72,2024-03-27T14:51:55Z,2024-03-27T15:03:47Z
3,Vienna,Vienna,0.48,2024-03-27T16:20:41Z,2024-03-27T16:32:44Z
3,Vienna,Vienna,4.13,2024-03-27T16:32:44Z,2024-03-27T16:49:41Z
3,Vienna,Vienna,0.18,2024-03-27T16:49:41Z,2024-03-27T16:53:41Z
3,Vienna,Vienna,0.19,2024-03-27T17:53:26Z,2024-03-27T18:07:35Z
3,Vienna,Vienna,0.8,2024-03-27T18:07:35Z,2024-03-27T18:22:40Z
3,Vienna,Vienna,0.06,2024-03-27T18:22:40Z,2024-03-27T18:24:02Z
3,Vienna,Vienna,0.12,2024-03-27T20:26:25Z,2024-03-27T20:31:59Z
3,Vienna,Vienna,1.7,2024-03-27T20:31:59Z,2024-03-27T21:00:08Z
3,Vienna,Vienna,0.08,2024-03-27T21:00:08Z,2024-03-27T21:02:09Z
3,Vienna,Vienna,0.16,2024-03-27T23:22:54Z,2024-03-27T23:25:25Z
3,Vienna,Vienna,1.83,2024-03-28T07:05:28Z,2024-03-28T07:25:02Z
3,Vienna,Vienna,0.45,2024-03-28T07:25:02Z,2024-03-28T07:34:02Z
3,Vienna,Vienna,2.12,2024-03-28T07:34:02Z,2024-03-28T07:44:05Z
3,Vienna,Vienna,0.53,2024-03-28T07:44:05Z,2024-03-28T07:52:42Z
3,Vienna,Vienna,0.42,2024-03-28T13:13:19Z,2024-03-28T13:20:30Z
3,Vienna,Vienna,0.44,2024-03-28T14:38:28Z,2024-03-28T14:44:29Z
3,Vienna,Weppersdorf,68.72,2024-03-28T15:52:38Z,2024-03-28T17:10:55Z
4,Weppersdorf,Vienna,72.35,2024-04-01T09:21:52.505Z,2024-04-02T09:01:39Z
4,Vienna,Vienna,5.31,2024-04-02T09:36:36Z,2024-04-02T09:57:36Z
4,Vienna,Vienna,2.24,2024-04-02T10:17:24Z,2024-04-02T10:29:47Z
4,Vienna,Vienna,1.12,2024-04-02T12:10:21Z,2024-04-02T12:15:15Z
4,Vienna,Vienna,1.25,2024-04-02T12:49:58Z,2024-04-02T13:04:04Z
4,Vienna,Vienna,3.54,2024-04-02T15:10:07Z,2024-04-02T15:47:37Z
4,Vienna,Vienna,3.61,2024-04-02T16:00:51Z,2024-04-02T16:21:34Z
4,Vienna,Vienna,0.15,2024-04-02T16:21:34Z,2024-04-02T16:31:39Z
4,Vienna,Weppersdorf,68.75,2024-04-02T17:07:58Z,2024-04-02T18:25:37Z
4,Weppersdorf,Weppersdorf,0.05,2024-04-04T10:06:03Z,2024-04-04T10:38:06Z
4,Weppersdorf,Weppersdorf,1.48,2024-04-06T13:48:13Z,2024-04-06T13:55:34Z
4,Weppersdorf,Weppersdorf,0.27,2024-04-06T14:29:46Z,2024-04-06T14:35:48Z
4,Weppersdorf,Weppersdorf,1.17,2024-04-06T14:44:44Z,2024-04-06T14:50:46Z
4,Weppersdorf,Eisenstadt,28.1,2024-04-07T06:35:31Z,2024-04-07T07:05:27Z
4,Eisenstadt,Weppersdorf,27.92,2024-04-07T09:18:31Z,2024-04-07T09:55:41Z
4,Weppersdorf,Gralla,106.66,2024-04-07T11:32:16Z,2024-04-07T13:26:11Z
4,Gralla,Grad Ogulin,179.4,2024-04-07T13:34:15Z,2024-04-07T16:05:50Z
4,Grad Ogulin,Grad Slunj,14.72,2024-04-07T16:11:50Z,2024-04-08T20:48:59Z
4,Grad Slunj,Općina Jakovlje,87.3,2024-04-11T07:55:20Z,2024-04-11T09:50:29Z
4,Općina Jakovlje,Maribor,66.36,2024-04-11T09:58:29Z,2024-04-11T11:13:01Z
4,Maribor,Scheiblingkirchen-Thernberg,129.78,2024-04-11T11:21:01Z,2024-04-11T13:22:27Z
4,Scheiblingkirchen-Thernberg,Weppersdorf,21.51,2024-04-11T13:28:31Z,2024-04-11T14:20:23Z
4,Weppersdorf,Felixdorf,35.76,2024-04-12T10:08:07Z,2024-04-12T10:46:07Z
4,Felixdorf,Bad Fischau-Brunn,6.42,2024-04-12T10:57:46Z,2024-04-12T11:07:34Z
4,Bad Fischau-Brunn,Weppersdorf,32.93,2024-04-12T11:53:52Z,2024-04-12T12:43:24Z
4,Weppersdorf,Eisenstadt,28.14,2024-04-13T15:35:56.916Z,2024-04-14T07:34:09Z
4,Eisenstadt,Weppersdorf,28.09,2024-04-14T09:09:38Z,2024-04-14T09:51:45Z
4,Weppersdorf,Stoob,7.85,2024-04-15T14:07:51Z,2024-04-15T14:28:38Z
4,Stoob,Weppersdorf,7.18,2024-04-15T14:59:33Z,2024-04-15T15:17:45Z
4,Weppersdorf,Weppersdorf,0.03,2024-04-15T15:30:40Z,2024-04-15T16:13:31Z
4,Weppersdorf,Wiener Neustadt,27.0,2024-04-16T07:49:36Z,2024-04-16T08:38:42Z
4,Bad Fischau-Brunn,Mattersburg,19.89,2024-04-16T09:44:02Z,2024-04-16T10:08:10Z
4,Mattersburg,Weppersdorf,18.03,2024-04-16T10:16:13Z,2024-04-16T10:32:20Z
4,Weppersdorf,Kaisersdorf,5.96,2024-04-18T10:12:06Z,2024-04-18T10:19:31Z
4,Kaisersdorf,Weppersdorf,5.82,2024-04-18T10:27:49Z,2024-04-18T10:39:58Z
4,Weppersdorf,Vienna,65.96,2024-04-18T13:23:34Z,2024-04-18T14:47:02Z
4,Vienna,Vienna,3.96,2024-04-18T16:14:49Z,2024-04-18T16:30:13Z
4,Vienna,Vienna,1.67,2024-04-18T16:42:09Z,2024-04-18T16:49:09Z
4,Vienna,Vienna,0.59,2024-04-18T16:55:38Z,2024-04-18T17:05:40Z
4,Vienna,Vienna,0.2,2024-04-19T06:39:14Z,2024-04-19T06:43:52Z
4,Vienna,Vienna,3.56,2024-04-19T06:43:52Z,2024-04-19T07:02:04Z
4,Vienna,Vienna,3.52,2024-04-19T18:05:26Z,2024-04-19T18:21:32Z
4,Vienna,Vienna,3.52,2024-04-20T06:23:20Z,2024-04-20T06:41:32Z
4,Vienna,Vienna,3.51,2024-04-20T18:09:50Z,2024-04-20T18:39:34Z
4,Vienna,Vienna,3.48,2024-04-21T06:16:08Z,2024-04-21T06:44:16Z
4,Vienna,Weppersdorf,67.25,2024-04-21T15:52:38Z,2024-04-21T16:55:23Z
4,Weppersdorf,Weppersdorf,1.01,2024-04-21T17:03:25Z,2024-04-21T17:09:28Z
4,Weppersdorf,Horitschon,9.25,2024-04-22T18:29:24.349Z,2024-04-23T05:53:41Z
4,Horitschon,Weppersdorf,9.28,2024-04-23T06:49:26Z,2024-04-23T07:01:30Z
4,Weppersdorf,Kaisersdorf,5.86,2024-04-23T09:59:09Z,2024-04-23T10:13:59Z
4,Kaisersdorf,Steinberg-Dörfl,9.15,2024-04-23T10:32:24Z,2024-04-23T10:44:27Z
4,Steinberg-Dörfl,Weppersdorf,11.12,2024-04-23T11:45:49Z,2024-04-23T11:59:55Z
4,Weppersdorf,Weppersdorf,0.64,2024-04-23T12:05:55Z,2024-04-23T12:10:01Z
4,Weppersdorf,Neutal,4.97,2024-04-24T10:48:21Z,2024-04-24T11:01:19Z
4,Neutal,Weppersdorf,4.79,2024-04-24T12:24:07Z,2024-04-24T12:36:08Z
4,Weppersdorf,Großhöflein,26.61,2024-04-24T15:16:32Z,2024-04-24T15:40:56Z
4,Großhöflein,Zemendorf-Stöttera,6.99,2024-04-24T15:55:36Z,2024-04-24T16:05:05Z
4,Zemendorf-Stöttera,Weppersdorf,19.67,2024-04-24T16:41:15Z,2024-04-24T17:05:45Z
4,Weppersdorf,Bad Fischau-Brunn,32.87,2024-04-25T05:16:27Z,2024-04-25T05:58:42Z
4,Bad Fischau-Brunn,Weppersdorf,32.8,2024-04-25T06:59:18Z,2024-04-25T07:54:46Z
4,Weppersdorf,Weppersdorf,0.4,2024-04-25T08:56:20Z,2024-04-25T09:12:20Z
4,Weppersdorf,Weppersdorf,1.47,2024-04-25T09:42:40Z,2024-04-25T09:51:57Z
4,Weppersdorf,Wiener Neustadt,26.71,2024-04-25T15:04:01Z,2024-04-25T15:36:38Z
4,Wiener Neustadt,Weppersdorf,26.74,2024-04-25T17:05:32Z,2024-04-25T17:33:45Z
4,Weppersdorf,Stoob Süd,10.25,2024-04-26T06:00:35Z,2024-04-26T06:14:40Z
4,Oberpullendorf/Felsőpulya,Weppersdorf,10.53,2024-04-26T06:22:44Z,2024-04-26T06:34:49Z
4,Weppersdorf,Stoob Süd,9.23,2024-04-27T07:51:47Z,2024-04-27T08:17:05Z
4,Stoob Süd,Weppersdorf,9.2,2024-04-27T08:45:19Z,2024-04-27T08:59:22Z
4,Weppersdorf,Oberpullendorf/Felsőpulya,11.65,2024-04-27T11:49:10Z,2024-04-27T12:05:16Z
4,Oberpullendorf/Felsőpulya,Weppersdorf,11.59,2024-04-27T14:22:40Z,2024-04-27T14:36:47Z
4,Ritzing,Weppersdorf,6.29,2024-04-28T07:27:31Z,2024-04-28T07:51:19Z
4,Weppersdorf,Wiener Neustadt,27.05,2024-04-29T07:51:42Z,2024-04-29T08:19:45Z
4,Wiener Neustadt,Wiener Neustadt,2.63,2024-04-29T08:23:46Z,2024-04-29T08:31:48Z
4,Wiener Neustadt,Bad Fischau-Brunn,4.4,2024-04-29T08:35:50Z,2024-04-29T08:49:52Z
4,Bad Fischau-Brunn,Weppersdorf,32.71,2024-04-29T09:11:59Z,2024-04-29T09:49:19Z
4,Weppersdorf,Vienna,66.12,2024-04-29T16:18:13Z,2024-04-29T17:16:14Z
4,Vienna,Vienna,3.4,2024-04-29T17:50:54Z,2024-04-29T18:10:21Z
4,Vienna,Vienna,3.52,2024-04-30T06:22:02Z,2024-04-30T06:44:19Z
4,Vienna,Vienna,0.12,2024-04-30T11:33:23Z,2024-04-30T11:40:31Z
4,Vienna,Vienna,3.56,2024-04-30T18:09:53Z,2024-04-30T18:29:57Z
5,Vienna,Vienna,3.57,2024-05-01T07:08:57Z,2024-05-01T07:27:00Z
5,Vienna,Vienna,3.5,2024-05-01T15:26:33Z,2024-05-01T15:40:36Z
5,Vienna,Vienna,0.16,2024-05-01T15:40:36Z,2024-05-01T15:44:37Z
5,Vienna,Weppersdorf,68.69,2024-05-01T15:48:39Z,2024-05-01T16:54:58Z
5,Weppersdorf,Stoob,8.43,2024-05-02T13:14:50Z,2024-05-02T13:34:30Z
5,Stoob Süd,Weppersdorf,9.22,2024-05-02T14:04:26Z,2024-05-02T14:18:45Z
5,Weppersdorf,Eisenstadt,28.09,2024-05-04T11:58:17.884Z,2024-05-05T07:15:42Z
5,Eisenstadt,Kobersdorf,27.8,2024-05-05T09:34:52Z,2024-05-05T10:02:58Z
5,Kobersdorf,Weppersdorf,2.66,2024-05-05T10:15:02Z,2024-05-05T10:22:42Z
5,Weppersdorf,Kaisersdorf,5.87,2024-05-06T15:16:50Z,2024-05-06T17:31:58Z
5,Weppersdorf,Horitschon,9.17,2024-05-07T07:10:53Z,2024-05-07T07:20:55Z
5,Horitschon,Weppersdorf,9.25,2024-05-07T08:05:49Z,2024-05-07T08:19:51Z
5,Weppersdorf,Kobersdorf,2.23,2024-05-07T11:52:57Z,2024-05-07T12:00:09Z
5,Kobersdorf,Weppersdorf,2.23,2024-05-07T12:47:16Z,2024-05-07T12:53:20Z
5,Weppersdorf,Röschitz,126.64,2024-05-07T14:31:47Z,2024-05-07T16:23:20Z
5,Röschitz,Weppersdorf,126.32,2024-05-07T16:53:25Z,2024-05-07T18:31:38Z
5,Weppersdorf,Bad Fischau-Brunn,32.89,2024-05-08T08:32:25Z,2024-05-08T09:18:23Z
5,Bad Fischau-Brunn,Wöllersdorf-Steinabrückl,2.64,2024-05-08T10:37:34Z,2024-05-08T10:41:48Z
5,Wöllersdorf-Steinabrückl,Weppersdorf,34.67,2024-05-08T10:47:53Z,2024-05-08T11:30:03Z
5,Weppersdorf,Schützen am Gebirge,33.31,2024-05-09T15:30:51Z,2024-05-09T15:59:04Z
5,Schützen am Gebirge,Weppersdorf,33.3,2024-05-09T17:25:31Z,2024-05-09T17:57:34Z
5,Weppersdorf,Vienna,66.08,2024-05-11T07:18:55Z,2024-05-11T09:03:00Z
5,Vienna,Weppersdorf,66.16,2024-05-11T14:59:09Z,2024-05-11T15:52:13Z
5,Weppersdorf,Stoob Süd,9.34,2024-05-12T12:48:43Z,2024-05-12T13:05:34Z
5,Stoob Süd,Oberpullendorf/Felsőpulya,2.17,2024-05-12T13:09:34Z,2024-05-12T13:13:34Z
5,Oberpullendorf/Felsőpulya,Weppersdorf,11.01,2024-05-12T14:33:17Z,2024-05-12T14:45:22Z
5,Weppersdorf,Weppersdorf,0.71,2024-05-12T15:01:24Z,2024-05-12T15:04:55Z
5,Weppersdorf,Weppersdorf,1.23,2024-05-13T09:51:46Z,2024-05-13T10:04:06Z
5,Weppersdorf,Weppersdorf,1.2,2024-05-13T10:12:10Z,2024-05-13T10:38:21Z
5,Weppersdorf,Kaisersdorf,5.83,2024-05-14T10:07:25Z,2024-05-14T10:46:22Z
5,Weppersdorf,Weppersdorf,0.27,2024-05-14T18:09:53Z,2024-05-14T18:42:09Z
5,Weppersdorf,Landsee,6.97,2024-05-19T09:22:55Z,2024-05-19T10:27:14Z
5,Landsee,Weppersdorf,7.02,2024-05-19T11:45:19Z,2024-05-19T11:59:23Z
5,Weppersdorf,Kaisersdorf,5.82,2024-05-21T06:49:45Z,2024-05-21T07:02:11Z
5,Kaisersdorf,Weppersdorf,5.85,2024-05-21T09:02:12Z,2024-05-21T09:24:11Z
5,Weppersdorf,Weppersdorf,1.46,2024-05-21T10:13:30Z,2024-05-21T10:19:36Z
5,Weppersdorf,Weppersdorf,1.01,2024-05-21T10:34:40Z,2024-05-21T10:38:43Z
5,Weppersdorf,Weppersdorf,0.4,2024-05-21T11:03:51Z,2024-05-21T11:08:31Z
5,Weppersdorf,Bad Fischau-Brunn,32.75,2024-05-23T06:35:35Z,2024-05-23T07:19:55Z
5,Bad Fischau-Brunn,Wiener Neustadt,2.67,2024-05-23T07:48:01Z,2024-05-23T07:59:53Z
5,Wiener Neustadt,Weppersdorf,30.23,2024-05-23T08:27:21Z,2024-05-23T09:03:31Z
5,Weppersdorf,Kaisersdorf,5.95,2024-05-23T10:13:53Z,2024-05-23T10:22:26Z
5,Kaisersdorf,Steinberg-Dörfl,9.38,2024-05-23T10:29:05Z,2024-05-23T10:55:07Z
5,Steinberg-Dörfl,Weppersdorf,11.64,2024-05-23T11:26:26Z,2024-05-23T11:38:32Z
5,Weppersdorf,Weppersdorf,1.48,2024-05-24T10:03:05Z,2024-05-24T10:07:07Z
5,Weppersdorf,Weppersdorf,1.4,2024-05-24T10:19:11Z,2024-05-24T10:23:13Z
5,Weppersdorf,Kaisersdorf,5.97,2024-05-25T10:41:13Z,2024-05-25T10:51:17Z
5,Kaisersdorf,Weppersdorf,5.86,2024-05-25T19:26:44Z,2024-05-25T19:42:27Z
5,Weppersdorf,Landsee,7.31,2024-05-26T13:59:34Z,2024-05-26T14:28:53Z
5,Landsee,Weppersdorf,7.32,2024-05-26T14:38:14Z,2024-05-26T14:50:39Z
5,Weppersdorf,Landsee,7.31,2024-05-27T07:11:29Z,2024-05-27T07:22:33Z
5,Landsee,Weppersdorf,7.33,2024-05-27T07:30:37Z,2024-05-27T07:48:02Z
5,Weppersdorf,Weppersdorf,1.45,2024-05-27T10:22:18Z,2024-05-27T10:28:19Z
5,Weppersdorf,Weppersdorf,1.39,2024-05-27T10:50:37Z,2024-05-27T10:59:38Z
5,Kobersdorf,Bad Fischau-Brunn,30.87,2024-05-28T07:25:22Z,2024-05-28T08:30:07Z
5,Bad Fischau-Brunn,Vienna,39.68,2024-05-28T08:58:24Z,2024-05-28T09:34:19Z
5,Vienna,Vienna,0.06,2024-05-28T11:29:40Z,2024-05-28T11:30:22Z
5,Vienna,Vienna,0.1,2024-05-28T12:07:36Z,2024-05-28T12:09:36Z
5,Vienna,Weppersdorf,66.08,2024-05-28T17:47:35Z,2024-05-28T18:45:34Z
5,Weppersdorf,Vienna,72.33,2024-05-29T05:37:51Z,2024-05-29T06:56:01Z
5,Vienna,Vienna,7.22,2024-05-29T07:24:17Z,2024-05-29T07:59:17Z
5,Vienna,Weppersdorf,66.12,2024-05-29T11:28:27Z,2024-05-29T12:34:46Z
5,Weppersdorf,Stoob Süd,9.36,2024-05-31T07:45:36Z,2024-05-31T08:02:55Z
5,Stoob Süd,Stoob Süd,0.94,2024-05-31T08:32:04Z,2024-05-31T08:36:07Z
5,Stoob Süd,Oberpullendorf/Felsőpulya,0.84,2024-05-31T08:40:09Z,2024-05-31T09:00:19Z
5,Oberpullendorf/Felsőpulya,Weppersdorf,11.85,2024-05-31T09:24:12Z,2024-05-31T09:50:36Z
6,Weppersdorf,Weppersdorf,1.49,2024-06-01T14:56:03.742Z,2024-06-03T08:27:00Z
6,Weppersdorf,Weppersdorf,1.45,2024-06-03T08:29:10Z,2024-06-03T08:37:14Z
6,Weppersdorf,Općina Sveti Križ Začretje,174.55,2024-06-03T12:45:35Z,2024-06-03T16:08:47Z
6,Općina Sveti Križ Začretje,Grad Ogulin,98.06,2024-06-03T16:32:48Z,2024-06-03T17:44:52Z
6,Grad Ogulin,Grad Slunj,18.03,2024-06-03T17:50:54Z,2024-06-03T19:08:53Z
6,Grad Slunj,City of Velika Gorica,79.3,2024-06-09T19:23:37Z,2024-06-09T22:38:08Z
6,Grad Slunj,City of Velika Gorica,79.15,2024-06-17T00:31:23Z,2024-06-17T02:05:30Z
6,City of Velika Gorica,Sandefjord,1544.04,2024-06-17T03:59:18Z,2024-06-17T06:35:34Z
6,Sandefjord,Sandefjord,2.47,2024-06-17T07:17:01Z,2024-06-17T07:23:02Z
6,Sandefjord,Sandefjord,4.97,2024-06-17T08:08:28Z,2024-06-17T08:22:31Z
6,Sandefjord,Drammen,67.26,2024-06-17T08:51:10Z,2024-06-17T09:56:59Z
6,Drammen,Kristiansand,218.11,2024-06-17T10:07:02Z,2024-06-17T14:38:06Z
6,Kristiansand,Snartemo,50.02,2024-06-17T14:46:15Z,2024-06-17T16:14:10Z
6,Snartemo,Snartemo,0.13,2024-06-17T16:14:10Z,2024-06-17T16:16:10Z
6,Snartemo,Birkeland,4.68,2024-06-17T16:36:47Z,2024-06-17T16:47:39Z
6,Birkeland,Snartemo,4.47,2024-06-17T17:03:46Z,2024-06-17T17:13:52Z
6,Snartemo,Snartemo,1.19,2024-06-21T15:18:58Z,2024-06-21T18:51:45Z
6,Kristiansand,Oslo,252.09,2024-06-24T06:55:44Z,2024-06-24T12:35:11Z
6,Oslo,Oslo,0.21,2024-06-24T12:35:11Z,2024-06-24T12:39:12Z
6,Oslo,Oslo,0.36,2024-06-24T12:53:17Z,2024-06-24T13:19:28Z
6,Oslo,Akershus,36.94,2024-06-24T13:39:34Z,2024-06-24T14:05:39Z
6,Akershus,Akershus,0.13,2024-06-24T14:05:39Z,2024-06-24T14:07:40Z
6,Akershus,Frankfurt,1139.72,2024-06-24T16:58:01Z,2024-06-24T18:59:59Z
6,Frankfurt,City of Velika Gorica,736.95,2024-06-24T19:53:33Z,2024-06-24T21:45:43Z
6,City of Velika Gorica,Grad Slunj,79.15,2024-06-24T22:10:51Z,2024-06-24T23:44:41Z
6,Grad Slunj,Grad Ogulin,18.13,2024-06-25T08:47:08Z,2024-06-25T09:35:03Z
6,Grad Ogulin,Grad Ogulin,0.25,2024-06-25T09:55:10Z,2024-06-25T09:59:11Z
6,Grad Ogulin,Grad Ogulin,0.76,2024-06-25T10:17:18Z,2024-06-25T10:21:21Z
6,Grad Ogulin,Grad Ogulin,1.91,2024-06-25T11:05:05Z,2024-06-25T11:09:06Z
6,Grad Ogulin,Grad Slunj,15.82,2024-06-25T11:23:12Z,2024-06-25T11:54:46Z
7,Grad Slunj,Grad Ogulin,18.44,2024-07-01T13:05:05Z,2024-07-01T13:46:06Z
7,Grad Ogulin,Grad Ogulin,0.2,2024-07-01T13:54:13Z,2024-07-01T13:54:55Z
7,Grad Ogulin,Grad Ogulin,0.78,2024-07-01T14:16:14Z,2024-07-01T14:32:33Z
7,Grad Ogulin,Grad Ogulin,1.98,2024-07-01T15:06:56Z,2024-07-01T15:13:26Z
7,Grad Ogulin,Grad Slunj,15.96,2024-07-01T15:23:34Z,2024-07-01T16:03:12Z
7,Grad Slunj,Grad Slunj,14.39,2024-07-03T07:43:28Z,2024-07-03T08:00:41Z
7,Grad Slunj,Grad Slunj,14.41,2024-07-03T08:25:09Z,2024-07-03T08:50:42Z
7,Grad Slunj,City of Velika Gorica,79.18,2024-07-17T07:26:54Z,2024-07-17T09:11:24Z
7,City of Velika Gorica,Oberding,434.89,2024-07-17T11:30:59Z,2024-07-17T12:33:20Z
7,Freising,el Prat de Llobregat,1095.49,2024-07-17T13:12:17Z,2024-07-17T16:18:46Z
7,el Prat de Llobregat,el Prat de Llobregat,0.13,2024-07-17T16:18:46Z,2024-07-17T16:22:03Z
7,el Prat de Llobregat,Barcelona,11.38,2024-07-17T18:23:59Z,2024-07-17T18:52:14Z
7,Barcelona,Lleida,120.5,2024-07-17T20:32:04Z,2024-07-17T22:02:54Z
7,Lleida,Torrente de Cinca / Torrent de Cinca,36.04,2024-07-17T22:14:48Z,2024-07-17T22:42:08Z
7,Torrente de Cinca / Torrent de Cinca,Candasnos,19.6,2024-07-18T05:29:35Z,2024-07-18T05:49:42Z
7,Candasnos,Fraga,2.5,2024-07-18T05:49:42Z,2024-07-18T06:35:57Z
7,Fraga,Fraga,9.44,2024-07-18T18:43:04Z,2024-07-18T18:51:22Z
7,Fraga,Fraga,0.36,2024-07-18T19:01:52Z,2024-07-18T19:06:03Z
7,Fraga,Torrente de Cinca / Torrent de Cinca,5.69,2024-07-18T19:25:09Z,2024-07-18T19:34:43Z
7,Torrente de Cinca / Torrent de Cinca,Fraga,6.16,2024-07-19T06:53:35Z,2024-07-19T07:07:34Z
7,Fraga,Candasnos,21.29,2024-07-19T07:51:53Z,2024-07-19T08:23:57Z
7,Candasnos,Torrente de Cinca / Torrent de Cinca,19.64,2024-07-19T21:08:24Z,2024-07-19T21:24:32Z
7,Torrente de Cinca / Torrent de Cinca,Fraga,6.1,2024-07-20T06:52:05Z,2024-07-20T07:02:10Z
7,Fraga,Fraga,1.87,2024-07-20T07:20:01Z,2024-07-20T07:28:05Z
7,Fraga,Candasnos,17.43,2024-07-20T07:32:09Z,2024-07-20T08:30:09Z
7,Fraga,Fraga,3.49,2024-07-20T22:23:30Z,2024-07-21T00:10:29Z
7,Torrente de Cinca / Torrent de Cinca,Candasnos,19.64,2024-07-21T07:39:06Z,2024-07-21T08:02:38Z
7,Candasnos,Torrente de Cinca / Torrent de Cinca,19.65,2024-07-21T18:49:51Z,2024-07-21T19:22:24Z
7,Torrente de Cinca / Torrent de Cinca,Fraga,5.72,2024-07-22T06:43:10Z,2024-07-22T06:59:43Z
7,Fraga,Fraga,17.87,2024-07-22T07:48:39Z,2024-07-22T08:29:09Z
7,Candasnos,Torrente de Cinca / Torrent de Cinca,19.64,2024-07-22T20:03:23Z,2024-07-22T20:27:35Z
7,Torrente de Cinca / Torrent de Cinca,Fraga,18.55,2024-07-23T06:52:28Z,2024-07-23T07:23:24Z
7,Candasnos,Torrente de Cinca / Torrent de Cinca,19.61,2024-07-23T20:22:05Z,2024-07-23T20:58:13Z
7,Torrente de Cinca / Torrent de Cinca,Torrente de Cinca / Torrent de Cinca,0.02,2024-07-24T06:52:18Z,2024-07-24T07:26:16Z
7,Fraga,Fraga,2.46,2024-07-24T07:34:18Z,2024-07-24T07:40:20Z
7,Fraga,Candasnos,19.32,2024-07-24T07:51:09Z,2024-07-24T08:11:14Z
7,Fraga,Fraga,11.71,2024-07-24T18:28:39Z,2024-07-24T20:53:19Z
7,Candasnos,Fraga,2.77,2024-07-25T07:58:40Z,2024-07-25T12:31:07Z
7,Fraga,Fraga,6.17,2024-07-26T00:28:54Z,2024-07-26T02:01:52Z
7,Torrente de Cinca / Torrent de Cinca,Fraga,5.71,2024-07-26T08:55:12Z,2024-07-26T09:09:12Z
7,Fraga,Fraga,0.69,2024-07-26T09:31:34Z,2024-07-26T09:36:11Z
7,Fraga,Vitoria-Gasteiz,288.75,2024-07-26T09:50:21Z,2024-07-26T10:54:23Z
7,Fraga,Torrente de Cinca / Torrent de Cinca,18.52,2024-07-27T05:00:54Z,2024-07-27T05:24:08Z
7,Torrente de Cinca / Torrent de Cinca,Candasnos,17.1,2024-07-27T12:09:16Z,2024-07-27T12:27:15Z
7,Candasnos,Torrente de Cinca / Torrent de Cinca,18.47,2024-07-28T16:51:43Z,2024-07-28T17:09:44Z
7,Torrente de Cinca / Torrent de Cinca,Fraga,5.64,2024-07-29T06:25:53Z,2024-07-29T06:45:04Z
7,Fraga,Fraga,17.21,2024-07-29T06:51:08Z,2024-07-29T07:50:48Z
7,Fraga,Candasnos,2.3,2024-07-29T19:19:16Z,2024-07-29T20:36:57Z
7,Torrente de Cinca / Torrent de Cinca,Fraga,18.75,2024-07-30T07:35:35Z,2024-07-30T08:21:54Z
7,Fraga,Torrente de Cinca / Torrent de Cinca,18.45,2024-07-30T19:40:44Z,2024-07-30T20:08:46Z
7,Torrente de Cinca / Torrent de Cinca,Gavà,140.99,2024-07-31T07:50:46Z,2024-07-31T09:37:40Z
7,Gavà,Gavà,0.18,2024-07-31T09:51:44Z,2024-07-31T10:08:07Z
7,Gavà,el Prat de Llobregat,5.84,2024-07-31T10:52:23Z,2024-07-31T11:24:10Z
7,el Prat de Llobregat,el Prat de Llobregat,0.14,2024-07-31T11:24:10Z,2024-07-31T11:30:11Z
7,el Prat de Llobregat,Freising,1095.75,2024-07-31T13:51:00Z,2024-07-31T16:01:13Z
7,Oberding,City of Velika Gorica,435.38,2024-07-31T18:46:35Z,2024-07-31T20:07:34Z
7,City of Velika Gorica,Grad Slunj,78.95,2024-07-31T21:11:22Z,2024-07-31T23:03:12Z
8,Grad Slunj,Grad Ogulin,18.15,2024-08-01T13:10:25Z,2024-08-01T13:47:23Z
8,Grad Ogulin,Grad Ogulin,0.26,2024-08-01T13:47:23Z,2024-08-01T13:51:24Z
8,Grad Ogulin,Grad Ogulin,0.74,2024-08-01T14:01:25Z,2024-08-01T14:11:58Z
8,Grad Ogulin,Rebrovići,9.52,2024-08-01T14:51:06Z,2024-08-01T15:44:24Z
8,Grad Slunj,Općina Jakovlje,87.34,2024-08-06T08:28:24Z,2024-08-06T10:04:36Z
8,Općina Jakovlje,Šentilj v Slovenskih goricah,86.08,2024-08-06T10:12:40Z,2024-08-06T11:20:39Z
8,Šentilj v Slovenskih goricah,Vienna,171.64,2024-08-06T11:31:30Z,2024-08-06T13:55:48Z
8,Vienna,Vienna,0.14,2024-08-06T14:07:45Z,2024-08-06T14:16:03Z
8,Vienna,Krapina,226.7,2024-08-06T14:33:46Z,2024-08-06T17:25:01Z
8,Krapina,Grad Slunj,112.59,2024-08-06T17:30:37Z,2024-08-06T19:02:50Z
8,Grad Slunj,Grad Slunj,13.84,2024-08-09T09:50:22Z,2024-08-09T10:19:07Z
8,Grad Slunj,Grad Slunj,14.49,2024-08-09T10:54:10Z,2024-08-09T11:20:18Z
8,Grad Slunj,Grad Slunj,0.12,2024-08-09T23:05:11Z,2024-08-10T00:01:04Z
8,Grad Slunj,Grad Slunj,0.02,2024-08-12T09:41:03Z,2024-08-12T10:59:07Z
8,Grad Slunj,City of Zagreb,80.54,2024-08-15T12:39:40Z,2024-08-15T14:25:41Z
8,Durmanec,Weppersdorf,155.07,2024-08-15T14:35:12Z,2024-08-15T18:36:24Z
8,Weppersdorf,Stoob Süd,9.34,2024-08-16T08:00:08Z,2024-08-16T08:14:08Z
8,Stoob Süd,Weppersdorf,9.23,2024-08-16T08:58:47Z,2024-08-16T09:14:01Z
8,Weppersdorf,Neudörfl,25.73,2024-08-18T11:49:12Z,2024-08-18T12:15:22Z
8,Neudörfl,Schattendorf,19.43,2024-08-18T15:54:22Z,2024-08-18T16:24:52Z
8,Schattendorf,Neudörfl,19.41,2024-08-18T16:33:41Z,2024-08-18T17:01:38Z
8,Neudörfl,Weppersdorf,25.73,2024-08-18T17:53:31Z,2024-08-18T18:21:40Z
8,Weppersdorf,Vienna,66.04,2024-08-19T10:25:24Z,2024-08-19T11:19:25Z
8,Vienna,Vienna,0.09,2024-08-19T11:54:14Z,2024-08-19T11:56:14Z
8,Vienna,Vienna,0.15,2024-08-19T12:29:20Z,2024-08-19T12:36:35Z
8,Vienna,Vienna,6.73,2024-08-19T12:36:35Z,2024-08-19T13:02:42Z
8,Vienna,Vienna,5.3,2024-08-19T16:59:22Z,2024-08-19T17:21:04Z
8,Vienna,Weppersdorf,65.48,2024-08-19T18:03:45Z,2024-08-19T19:01:50Z
8,Weppersdorf,Weppersdorf,1.46,2024-08-20T15:59:55Z,2024-08-20T16:03:58Z
8,Weppersdorf,Weppersdorf,1.44,2024-08-20T16:10:00Z,2024-08-20T16:14:02Z
8,Weppersdorf,Stoob Süd,9.35,2024-08-21T09:58:14Z,2024-08-21T10:09:49Z
8,Stoob Süd,Weppersdorf,9.35,2024-08-21T10:50:40Z,2024-08-21T11:00:47Z
8,Weppersdorf,Ebreichsdorf,41.89,2024-08-22T08:54:43Z,2024-08-22T09:30:52Z
8,Ebreichsdorf,Ebreichsdorf,0.32,2024-08-22T09:36:53Z,2024-08-22T09:38:50Z
8,Ebreichsdorf,Weppersdorf,41.59,2024-08-22T10:52:54Z,2024-08-22T11:45:33Z
8,Stoob Süd,Oberwart/Felsőőr,32.22,2024-08-23T07:07:43Z,2024-08-23T08:10:32Z
8,Oberwart/Felsőőr,Sankt Georgen am Längsee,148.83,2024-08-23T08:16:35Z,2024-08-23T10:34:24Z
8,Sankt Georgen am Längsee,Launsdorf,5.15,2024-08-23T12:00:46Z,2024-08-23T12:22:54Z
8,Launsdorf,Scheiblingkirchen-Thernberg,161.87,2024-08-23T13:50:44Z,2024-08-23T16:28:56Z
8,Scheiblingkirchen-Thernberg,Weppersdorf,23.66,2024-08-23T16:52:56Z,2024-08-23T17:31:52Z
8,Weppersdorf,Eisenstadt,28.09,2024-08-25T03:46:38Z,2024-08-25T04:12:45Z
8,Eisenstadt,Zemendorf-Stöttera,9.16,2024-08-25T10:06:05Z,2024-08-25T10:34:30Z
8,Zemendorf-Stöttera,Mattersburg,2.78,2024-08-25T11:54:33Z,2024-08-25T12:14:21Z
8,Mattersburg,Weppersdorf,18.04,2024-08-25T12:19:57Z,2024-08-25T12:38:12Z
8,Weppersdorf,Weppersdorf,1.34,2024-08-26T06:10:38Z,2024-08-26T06:13:26Z
8,Weppersdorf,Weppersdorf,1.05,2024-08-26T06:28:38Z,2024-08-26T06:35:20Z
8,Weppersdorf,Donji Desinec,221.19,2024-08-26T13:45:11Z,2024-08-26T19:26:34Z
8,Općina Tounj,Rebrovići,7.25,2024-08-28T15:17:03Z,2024-08-28T15:41:06Z
8,Rebrovići,City of Zagreb,80.98,2024-08-28T15:50:28Z,2024-08-28T17:15:48Z
8,City of Zagreb,City of Zagreb,0.64,2024-08-28T19:10:45Z,2024-08-28T19:20:50Z
8,City of Zagreb,City of Zagreb,0.73,2024-08-28T19:56:07Z,2024-08-28T20:06:11Z
8,City of Zagreb,City of Zagreb,0.4,2024-08-29T04:55:59Z,2024-08-29T05:05:30Z
8,City of Zagreb,City of Zagreb,6.82,2024-08-29T05:05:30Z,2024-08-29T05:29:14Z
8,City of Zagreb,City of Zagreb,0.55,2024-08-29T05:36:14Z,2024-08-29T05:37:38Z
8,City of Zagreb,Steinberg-Dörfl,193.87,2024-08-29T05:48:50Z,2024-08-29T09:19:42Z
8,Steinberg-Dörfl,Kaisersdorf,9.27,2024-08-29T09:25:45Z,2024-08-29T10:38:28Z
8,Weppersdorf,Ebreichsdorf,41.88,2024-08-30T06:48:24Z,2024-08-30T07:21:57Z
8,Ebreichsdorf,Ebreichsdorf,0.3,2024-08-30T07:40:09Z,2024-08-30T07:41:33Z
8,Ebreichsdorf,Ebreichsdorf,0.29,2024-08-30T09:00:37Z,2024-08-30T09:37:13Z
8,Ebreichsdorf,Neutal,47.29,2024-08-30T09:45:14Z,2024-08-30T10:23:18Z
8,Neutal,Weppersdorf,5.48,2024-08-30T10:35:46Z,2024-08-30T10:46:47Z
8,Weppersdorf,Karl,10.22,2024-08-30T13:28:50Z,2024-08-30T13:42:55Z
8,Karl,Weppersdorf,10.22,2024-08-30T14:32:47Z,2024-08-30T14:59:53Z
8,Kaisersdorf,Kaisersdorf,0.01,2024-08-31T07:52:14Z,2024-08-31T10:46:15Z
8,Kaisersdorf,Kaisersdorf,0.18,2024-08-31T10:46:15Z,2024-08-31T10:57:08Z
8,Kaisersdorf,Weppersdorf,5.9,2024-08-31T16:06:30Z,2024-08-31T16:15:30Z
9,Weppersdorf,Weppersdorf,0.98,2024-09-01T17:55:07Z,2024-09-01T17:56:31Z
9,Weppersdorf,Weppersdorf,0.34,2024-09-01T18:35:12Z,2024-09-01T18:54:38Z
9,Weppersdorf,Weppersdorf,1.15,2024-09-02T10:43:55Z,2024-09-02T10:51:57Z
9,Weppersdorf,Weppersdorf,0.27,2024-09-02T11:14:09Z,2024-09-02T11:24:13Z
9,Weppersdorf,Kaisersdorf,5.9,2024-09-03T10:12:28Z,2024-09-03T10:35:33Z
9,Weppersdorf,Wiener Neustadt,29.49,2024-09-04T07:47:30Z,2024-09-04T08:19:33Z
9,Wiener Neustadt,Bad Fischau-Brunn,3.26,2024-09-04T08:23:34Z,2024-09-04T08:33:37Z
9,Bad Fischau-Brunn,Wiener Neustadt,2.87,2024-09-04T09:44:09Z,2024-09-04T09:52:11Z
9,Wiener Neustadt,Wiener Neustadt,0.74,2024-09-04T11:19:59Z,2024-09-04T11:30:00Z
9,Wiener Neustadt,Weppersdorf,29.53,2024-09-04T11:36:00Z,2024-09-04T12:12:13Z
9,Weppersdorf,Weppersdorf,0.26,2024-09-04T14:41:42Z,2024-09-04T14:54:09Z
9,Weppersdorf,Weppersdorf,0.17,2024-09-04T15:08:10Z,2024-09-04T15:18:12Z
9,Weppersdorf,Mattersburg,18.04,2024-09-06T15:53:03Z,2024-09-06T16:19:15Z
9,Mattersburg,Wiesen,5.31,2024-09-06T16:39:49Z,2024-09-06T16:50:03Z
9,Wiesen,Mattersburg,5.23,2024-09-07T04:51:57Z,2024-09-07T05:45:20Z
9,Weppersdorf,Wöllersdorf-Steinabrückl,35.49,2024-09-08T15:23:16Z,2024-09-08T16:01:49Z
9,Wöllersdorf-Steinabrückl,Mattersburg,21.07,2024-09-08T16:19:56Z,2024-09-08T16:46:05Z
9,Mattersburg,Weppersdorf,17.97,2024-09-08T16:52:06Z,2024-09-08T17:09:57Z
9,Weppersdorf,Neudörfl,25.75,2024-09-09T07:31:27Z,2024-09-09T08:09:44Z
9,Neudörfl,Kaisersdorf,29.7,2024-09-09T09:50:26Z,2024-09-09T10:40:12Z
9,Weppersdorf,Weppersdorf,1.2,2024-09-09T15:57:58Z,2024-09-09T16:04:32Z
9,Weppersdorf,Weppersdorf,0.49,2024-09-09T16:06:39Z,2024-09-09T16:13:28Z
9,Weppersdorf,Weppersdorf,1.47,2024-09-10T16:23:04Z,2024-09-10T16:29:04Z
9,Weppersdorf,Weppersdorf,1.45,2024-09-10T17:02:39Z,2024-09-10T17:12:41Z
9,Weppersdorf,Kaisersdorf,5.81,2024-09-11T10:10:13Z,2024-09-11T10:19:36Z
9,Kaisersdorf,Weppersdorf,5.89,2024-09-11T10:31:07Z,2024-09-11T10:40:18Z
9,Weppersdorf,Weppersdorf,1.4,2024-09-11T10:50:03Z,2024-09-11T10:52:09Z
9,Weppersdorf,Weppersdorf,1.43,2024-09-11T10:55:15Z,2024-09-11T11:05:16Z
9,Weppersdorf,Bad Fischau-Brunn,32.67,2024-09-11T11:16:20Z,2024-09-11T11:50:30Z
9,Bad Fischau-Brunn,Weppersdorf,32.72,2024-09-11T12:50:01Z,2024-09-11T13:34:26Z
9,Weppersdorf,Oberpullendorf/Felsőpulya,10.97,2024-09-13T08:09:58Z,2024-09-13T08:35:41Z
9,Oberpullendorf/Felsőpulya,Weppersdorf,10.92,2024-09-13T10:23:15Z,2024-09-13T10:44:49Z
9,Weppersdorf,Ternitz,32.74,2024-09-14T06:14:51.118Z,2024-09-15T09:47:49Z
9,Ternitz,Weppersdorf,32.64,2024-09-15T09:59:23Z,2024-09-15T10:42:56Z
9,Weppersdorf,Kobersdorf,3.03,2024-09-16T11:34:52Z,2024-09-16T12:33:44Z
9,Weppersdorf,Steinberg-Dörfl,12.07,2024-09-18T10:00:22Z,2024-09-18T11:31:59Z
9,Weppersdorf,Guntramsdorf,51.77,2024-09-19T06:14:53Z,2024-09-19T07:09:17Z
9,Guntramsdorf,Vienna,17.03,2024-09-19T07:29:06Z,2024-09-19T08:12:01Z
9,Vienna,Vienna,0.12,2024-09-19T13:38:47Z,2024-09-19T13:42:49Z
9,Vienna,Vienna,3.48,2024-09-19T13:42:49Z,2024-09-19T14:15:47Z
9,Vienna,Vienna,0.24,2024-09-19T18:31:30Z,2024-09-19T18:37:39Z
9,Vienna,Vienna,3.34,2024-09-19T18:56:03Z,2024-09-19T19:06:21Z
9,Vienna,Vienna,0.14,2024-09-20T06:04:22Z,2024-09-20T06:06:29Z
9,Vienna,Vienna,0.11,2024-09-20T06:16:32Z,2024-09-20T06:18:38Z
9,Vienna,Bad Fischau-Brunn,41.58,2024-09-20T09:45:08.886Z,2024-09-20T10:27:27Z
9,Bad Fischau-Brunn,Weppersdorf,32.81,2024-09-20T10:38:35Z,2024-09-20T11:16:36Z
9,Weppersdorf,Bad Fischau-Brunn,32.86,2024-09-21T20:27:13.388Z,2024-09-23T05:49:17Z
9,Bad Fischau-Brunn,Wöllersdorf-Steinabrückl,2.26,2024-09-23T06:02:22Z,2024-09-23T06:12:26Z
9,Wöllersdorf-Steinabrückl,Weppersdorf,34.26,2024-09-23T06:18:29Z,2024-09-23T06:53:26Z
9,Lackenbach,Weppersdorf,2.77,2024-09-23T08:06:49Z,2024-09-23T08:24:54Z
9,Stoob Süd,Stoob Süd,0.06,2024-09-24T14:51:00Z,2024-09-24T15:51:24Z
9,Weppersdorf,Weppersdorf,1.1,2024-09-25T06:06:57Z,2024-09-25T06:27:31Z
9,Horitschon,Weppersdorf,9.24,2024-09-25T07:11:49Z,2024-09-25T07:29:59Z
9,Weppersdorf,Weppersdorf,1.2,2024-09-26T11:27:28Z,2024-09-26T11:31:28Z
9,Grad Slunj,Općina Tounj,1.05,2024-09-27T03:30:34.970Z,2024-09-28T12:52:06Z
9,Kamenica Skradnička,Općina Tounj,8.52,2024-09-28T13:28:16Z,2024-09-28T14:08:48Z
10,Grad Slunj,Steinberg-Dörfl,267.99,2024-10-01T07:44:09Z,2024-10-01T13:14:01Z
10,Weppersdorf,Weppersdorf,0.01,2024-10-01T13:30:42Z,2024-10-01T13:51:43Z
10,Weppersdorf,Weppersdorf,1.46,2024-10-01T16:03:30Z,2024-10-01T16:09:33Z
10,Weppersdorf,Weppersdorf,1.46,2024-10-01T16:34:25Z,2024-10-01T16:38:28Z
10,Kaisersdorf,Weppersdorf,5.89,2024-10-02T10:12:57Z,2024-10-02T11:12:38Z
10,Weppersdorf,Tschurndorf,2.3,2024-10-04T14:25:52.865Z,2024-10-05T09:21:58Z
10,Forchtenstein,Forchtenstein,0.0,2024-10-05T09:42:45Z,2024-10-05T10:13:35Z
10,Forchtenstein,Forchtenstein,3.15,2024-10-05T10:33:14Z,2024-10-05T10:45:19Z
10,Forchtenstein,Weppersdorf,15.27,2024-10-05T10:53:23Z,2024-10-05T11:19:30Z
10,Weppersdorf,Weppersdorf,4.95,2024-10-06T12:03:46Z,2024-10-06T12:15:49Z
10,Weppersdorf,Oberpetersdorf,2.58,2024-10-06T12:15:49Z,2024-10-06T14:26:03Z
10,Oberpetersdorf,Weppersdorf,3.06,2024-10-06T14:39:19Z,2024-10-06T14:47:20Z
10,Weppersdorf,Weppersdorf,1.4,2024-10-07T13:13:39Z,2024-10-07T13:21:43Z
10,Weppersdorf,Weppersdorf,1.45,2024-10-07T13:35:48Z,2024-10-07T13:43:52Z
10,Weppersdorf,Weikersdorf am Steinfelde,32.81,2024-10-07T18:10:22Z,2024-10-07T18:48:36Z
10,Bad Fischau-Brunn,Weppersdorf,33.25,2024-10-07T18:54:37Z,2024-10-07T19:49:29Z
10,Weppersdorf,Kaisersdorf,5.94,2024-10-09T10:09:27Z,2024-10-09T10:19:34Z
10,Kaisersdorf,Oberpullendorf/Felsőpulya,9.71,2024-10-09T10:27:38Z,2024-10-09T10:41:43Z
10,Oberpullendorf/Felsőpulya,Weppersdorf,11.61,2024-10-09T11:56:57Z,2024-10-09T12:09:03Z
10,Weppersdorf,Weppersdorf,1.14,2024-10-09T15:01:24Z,2024-10-09T15:05:25Z
10,Weppersdorf,Weppersdorf,1.3,2024-10-09T15:19:13Z,2024-10-09T15:26:41Z
10,Weppersdorf,Kaisersdorf,5.84,2024-10-10T10:03:17Z,2024-10-10T10:13:53Z
10,Kaisersdorf,Weppersdorf,5.84,2024-10-10T10:24:12Z,2024-10-10T10:34:16Z
10,Weppersdorf,Mattersburg,17.98,2024-10-11T06:35:52Z,2024-10-11T06:55:33Z
10,Mattersburg,Neunkirchen,25.07,2024-10-11T07:03:59Z,2024-10-11T07:29:19Z
10,Neunkirchen,Neunkirchen,1.06,2024-10-11T07:37:06Z,2024-10-11T07:44:58Z
10,Neunkirchen,Krumbach,22.1,2024-10-11T08:08:45Z,2024-10-11T08:30:28Z
10,Krumbach,Kirchschlag in der Buckligen Welt,9.93,2024-10-11T08:58:39Z,2024-10-11T09:09:51Z
10,Kirchschlag in der Buckligen Welt,Weppersdorf,15.01,2024-10-11T09:16:51Z,2024-10-11T09:41:12Z
10,Weppersdorf,Kaisersdorf,5.83,2024-10-11T09:47:14Z,2024-10-11T10:21:50Z
10,Kaisersdorf,Weppersdorf,5.84,2024-10-11T10:46:57Z,2024-10-11T11:03:02Z
10,Weppersdorf,Neckenmarkt,9.38,2024-10-11T13:10:49Z,2024-10-11T13:35:02Z
10,Neckenmarkt,Weppersdorf,9.26,2024-10-11T13:42:49Z,2024-10-11T13:54:37Z
10,Bad Fischau-Brunn,Bad Fischau-Brunn,0.02,2024-10-12T12:23:08Z,2024-10-12T14:38:54Z
10,Weppersdorf,Stoob Süd,10.27,2024-10-13T18:05:19.043Z,2024-10-14T12:25:38Z
10,Stoob Süd,Weppersdorf,10.27,2024-10-14T12:43:28Z,2024-10-14T12:55:22Z
10,Weppersdorf,Oberpullendorf/Felsőpulya,11.87,2024-10-15T12:43:13Z,2024-10-15T13:12:06Z
10,Oberpullendorf/Felsőpulya,Stoob,5.15,2024-10-15T13:42:32Z,2024-10-15T14:04:13Z
10,Weppersdorf,Weppersdorf,0.4,2024-10-15T14:29:46Z,2024-10-15T14:36:35Z
10,Weppersdorf,Stoob Süd,10.21,2024-10-16T08:06:44Z,2024-10-16T08:26:49Z
10,Stoob Süd,Weppersdorf,8.95,2024-10-16T08:34:52Z,2024-10-16T08:47:08Z
10,Weppersdorf,Weppersdorf,1.44,2024-10-16T08:51:08Z,2024-10-16T09:03:12Z
10,Weppersdorf,Weppersdorf,1.46,2024-10-17T07:08:16Z,2024-10-17T08:03:31Z
10,Weppersdorf,Eisenstadt,29.85,2024-10-19T09:09:03Z,2024-10-19T09:32:09Z
10,Eisenstadt,Weppersdorf,29.73,2024-10-19T11:12:54Z,2024-10-19T11:57:11Z
10,Weppersdorf,Tschurndorf,2.34,2024-10-19T14:24:21Z,2024-10-19T14:41:12Z
10,Tschurndorf,Weppersdorf,2.64,2024-10-19T16:36:12Z,2024-10-19T16:42:12Z
10,Weppersdorf,Mattersburg,18.07,2024-10-20T11:05:40Z,2024-10-20T11:32:20Z
10,Mattersburg,Weppersdorf,18.08,2024-10-20T12:21:55Z,2024-10-20T12:35:58Z
10,Weppersdorf,Weppersdorf,0.88,2024-10-21T09:23:19Z,2024-10-21T09:28:31Z
10,Weppersdorf,Weppersdorf,0.0,2024-10-21T09:40:51Z,2024-10-21T10:10:17Z
10,Kaisersdorf,Weppersdorf,5.91,2024-10-21T10:34:29Z,2024-10-21T10:42:32Z
10,Weppersdorf,Vienna,66.29,2024-10-22T06:59:20Z,2024-10-22T08:05:31Z
10,Vienna,Vienna,3.78,2024-10-22T09:38:01Z,2024-10-22T09:57:20Z
10,Vienna,Vösendorf,5.65,2024-10-22T10:27:00Z,2024-10-22T10:39:22Z
10,Wiener Neudorf,Vienna,7.81,2024-10-22T11:19:02Z,2024-10-22T11:41:05Z
10,Vienna,Vienna,3.25,2024-10-22T18:06:48Z,2024-10-22T18:15:54Z
10,Vienna,Vienna,0.51,2024-10-22T20:02:06Z,2024-10-22T20:12:08Z
10,Vienna,Vienna,5.68,2024-10-22T20:12:08Z,2024-10-22T20:39:59Z
10,Vienna,Vienna,0.05,2024-10-22T20:39:59Z,2024-10-22T20:46:17Z
10,Vienna,Vienna,0.15,2024-10-23T07:00:14Z,2024-10-23T07:02:13Z
10,Vienna,Vienna,1.07,2024-10-23T07:02:13Z,2024-10-23T07:09:34Z
10,Vienna,Vienna,4.04,2024-10-23T07:24:04Z,2024-10-23T07:41:39Z
10,Vienna,Vienna,0.15,2024-10-23T07:41:39Z,2024-10-23T07:47:02Z
10,Vienna,Weppersdorf,64.78,2024-10-23T14:35:44Z,2024-10-23T15:48:07Z
10,Weppersdorf,Kobersdorf,2.25,2024-10-24T07:49:52Z,2024-10-24T08:04:03Z
10,Kobersdorf,Kaisersdorf,6.13,2024-10-24T10:06:39Z,2024-10-24T10:14:42Z
10,Kaisersdorf,Weppersdorf,4.8,2024-10-24T10:34:45Z,2024-10-24T10:38:47Z
10,Weppersdorf,Weppersdorf,1.36,2024-10-24T10:56:55Z,2024-10-24T11:05:01Z
10,Weppersdorf,Kaisersdorf,5.81,2024-10-25T10:12:12Z,2024-10-25T10:21:30Z
10,Kaisersdorf,Weppersdorf,5.86,2024-10-25T10:32:40Z,2024-10-25T10:40:44Z
10,Weppersdorf,Vienna,68.89,2024-10-26T09:37:38Z,2024-10-26T10:36:02Z
10,Vienna,Vienna,0.16,2024-10-26T10:58:02Z,2024-10-26T11:56:31Z
10,Vienna,Vienna,1.02,2024-10-26T11:56:31Z,2024-10-26T12:00:43Z
10,Vienna,Wolfsgraben,13.62,2024-10-26T14:12:25Z,2024-10-26T14:39:44Z
10,Weppersdorf,Vösendorf,58.72,2024-10-28T11:49:25.507Z,2024-10-29T07:27:32Z
10,Wiener Neudorf,Vienna,14.88,2024-10-29T07:52:51Z,2024-10-29T08:33:44Z
10,Vienna,Vienna,1.49,2024-10-29T08:51:12Z,2024-10-29T09:46:20Z
10,Vienna,Vienna,3.11,2024-10-29T12:10:45Z,2024-10-29T12:29:39Z
10,Vienna,Vienna,0.18,2024-10-29T13:56:19Z,2024-10-29T13:59:22Z
10,Vienna,Vienna,3.19,2024-10-29T14:51:29Z,2024-10-29T15:16:20Z
10,Vienna,Vienna,0.04,2024-10-29T15:16:20Z,2024-10-29T15:29:24Z
10,Vienna,Vienna,0.21,2024-10-29T16:55:29Z,2024-10-29T17:07:59Z
10,Vienna,Guntramsdorf,20.6,2024-10-29T17:07:59Z,2024-10-29T17:40:11Z
10,Guntramsdorf,Weppersdorf,50.29,2024-10-29T17:48:35Z,2024-10-29T18:26:30Z
10,Weppersdorf,Weppersdorf,1.39,2024-10-31T07:53:31.596Z,2024-10-31T16:24:25Z
10,Weppersdorf,Weppersdorf,0.25,2024-10-31T16:33:13Z,2024-10-31T16:47:20Z
11,Weppersdorf,Vienna,67.26,2024-11-02T11:36:10.574Z,2024-11-03T08:42:32Z
11,Vienna,Vienna,1.85,2024-11-03T16:49:21Z,2024-11-03T17:01:25Z
11,Vienna,Vienna,1.85,2024-11-04T07:15:14Z,2024-11-04T07:36:25Z
11,Vienna,Oberpullendorf/Felsőpulya,78.22,2024-11-04T10:22:18Z,2024-11-04T11:48:46Z
11,Steinberg-Dörfl,Weppersdorf,11.71,2024-11-04T12:59:53Z,2024-11-04T13:13:57Z
11,Weppersdorf,Schwechat,60.34,2024-11-05T05:32:59Z,2024-11-05T06:33:42Z
11,Schwechat,Schwechat,0.33,2024-11-05T08:33:49Z,2024-11-05T09:56:44Z
11,Oberding,Gdańsk,813.91,2024-11-05T10:12:46Z,2024-11-05T11:50:16Z
11,Gdańsk,Sopot,9.28,2024-11-05T12:10:35Z,2024-11-05T12:38:37Z
11,Sopot,Sopot,0.94,2024-11-05T13:34:26Z,2024-11-05T14:58:25Z
11,Sopot,Sopot,0.94,2024-11-05T14:58:25Z,2024-11-05T15:03:47Z
11,Sopot,Gdańsk,2.27,2024-11-06T10:56:18Z,2024-11-06T11:02:20Z
11,Gdańsk,Sopot,2.35,2024-11-06T13:51:41Z,2024-11-06T13:59:45Z
11,Sopot,Sopot,0.36,2024-11-06T14:29:54Z,2024-11-06T15:49:49Z
11,Sopot,Sopot,0.39,2024-11-07T08:17:54Z,2024-11-07T08:31:42Z
11,Sopot,Gdynia,9.0,2024-11-07T08:31:42Z,2024-11-07T08:51:06Z
11,Gdynia,Gdynia,1.64,2024-11-07T10:38:48Z,2024-11-07T10:47:21Z
11,Gdynia,Sopot,10.69,2024-11-07T11:51:51Z,2024-11-07T12:17:25Z
11,Sopot,Sopot,0.87,2024-11-08T14:40:53Z,2024-11-08T14:50:57Z
11,Sopot,Sopot,0.85,2024-11-08T15:21:06Z,2024-11-08T15:31:10Z
11,Sopot,Sopot,1.43,2024-11-09T08:31:19Z,2024-11-09T08:37:46Z
11,Sopot,Gdańsk,4.22,2024-11-09T08:53:55Z,2024-11-09T09:08:00Z
11,Gdańsk,Gdańsk,3.28,2024-11-09T09:59:12Z,2024-11-09T10:46:49Z
11,Sopot,Sopot,1.37,2024-11-09T11:17:31Z,2024-11-09T11:23:34Z
11,Gdańsk,Sopot,0.94,2024-11-09T11:48:49Z,2024-11-09T12:57:17Z
11,Sopot,Sopot,1.43,2024-11-09T13:13:24Z,2024-11-09T14:21:51Z
11,Sopot,Sopot,1.35,2024-11-09T14:37:10Z,2024-11-09T14:47:16Z
11,Sopot,Sopot,1.41,2024-11-09T14:53:18Z,2024-11-09T14:59:21Z
11,Sopot,Sopot,0.12,2024-11-09T16:49:30Z,2024-11-09T17:00:55Z
11,Sopot,Sopot,0.46,2024-11-10T13:46:09Z,2024-11-10T14:39:03Z
11,Sopot,Sopot,0.01,2024-11-11T09:01:26Z,2024-11-11T09:23:34Z
11,Sopot,Gdańsk,7.88,2024-11-11T09:40:39Z,2024-11-11T10:16:50Z
11,Gdańsk,Oberding,813.91,2024-11-11T12:19:15Z,2024-11-11T15:57:49Z
11,Schwechat,Vienna,15.51,2024-11-11T16:34:07Z,2024-11-11T16:59:56Z
11,Vienna,Vienna,3.42,2024-11-11T17:21:59Z,2024-11-11T17:29:58Z
11,Vienna,Wiener Neustadt,41.02,2024-11-11T17:33:58Z,2024-11-11T18:02:22Z
11,Wiener Neustadt,Weppersdorf,28.85,2024-11-11T18:11:48Z,2024-11-11T18:44:00Z
11,Kaisersdorf,Weppersdorf,4.72,2024-11-12T11:01:46Z,2024-11-12T11:49:35Z
11,Weppersdorf,Weppersdorf,1.53,2024-11-12T12:07:43Z,2024-11-12T12:17:46Z
11,Weppersdorf,Stoob Süd,9.38,2024-11-12T14:10:17Z,2024-11-12T14:27:11Z
11,Stoob Süd,Weppersdorf,9.36,2024-11-12T15:13:11Z,2024-11-12T15:25:15Z
11,Weppersdorf,Großhöflein,26.38,2024-11-13T07:49:26Z,2024-11-13T08:32:09Z
11,Großhöflein,Weppersdorf,26.47,2024-11-13T08:47:56Z,2024-11-13T09:23:22Z
11,Weppersdorf,Leoben,103.8,2024-11-13T12:34:15Z,2024-11-13T14:30:42Z
11,Leoben,Bruck an der Mur,12.33,2024-11-13T16:42:02Z,2024-11-13T17:03:52Z
11,Bruck an der Mur,Weppersdorf,91.42,2024-11-13T17:12:16Z,2024-11-13T18:47:01Z
11,Weppersdorf,Weppersdorf,1.45,2024-11-14T11:11:59Z,2024-11-14T11:42:20Z
11,Weppersdorf,Weppersdorf,1.45,2024-11-14T11:48:20Z,2024-11-14T11:54:20Z
11,Weppersdorf,Kaisersdorf,5.82,2024-11-15T16:56:42.646Z,2024-11-16T07:57:49Z
11,Kaisersdorf,Weppersdorf,5.95,2024-11-16T15:10:50Z,2024-11-16T15:23:15Z
11,Weppersdorf,Kaisersdorf,5.94,2024-11-18T11:09:58Z,2024-11-18T11:18:00Z
11,Kaisersdorf,Weppersdorf,4.76,2024-11-18T11:46:09Z,2024-11-18T11:52:10Z
11,Weppersdorf,Weppersdorf,1.2,2024-11-18T12:05:50Z,2024-11-18T12:09:52Z
11,Weppersdorf,Weppersdorf,0.02,2024-11-19T08:15:33Z,2024-11-19T08:37:49Z
11,Weppersdorf,Weppersdorf,1.45,2024-11-19T11:59:02Z,2024-11-19T12:04:50Z
11,Weppersdorf,Gleisdorf,71.76,2024-11-19T12:18:02Z,2024-11-19T14:11:20Z
11,Gleisdorf,Tončići,186.05,2024-11-19T14:11:20Z,2024-11-19T16:01:38Z
11,Tončići,Grad Slunj,29.8,2024-11-19T16:30:35Z,2024-11-19T18:21:27Z
11,Zdenac,Grad Slunj,10.3,2024-11-20T14:39:36Z,2024-11-20T15:42:45Z
11,Grad Slunj,Grad Ogulin,14.58,2024-11-21T09:13:32Z,2024-11-21T09:52:23Z
11,Grad Ogulin,Podlehnik,125.31,2024-11-21T09:58:25Z,2024-11-21T11:38:40Z
11,Hochenegg,Weppersdorf,69.82,2024-11-21T11:45:28Z,2024-11-21T15:27:57Z
11,Weppersdorf,Kaisersdorf,5.9,2024-11-22T11:09:25Z,2024-11-22T11:22:44Z
11,Kaisersdorf,Weppersdorf,5.73,2024-11-22T11:33:08Z,2024-11-22T11:45:12Z
11,Weppersdorf,Mattersburg,18.06,2024-11-26T07:18:05Z,2024-11-26T07:37:55Z
11,Mattersburg,Vienna,56.34,2024-11-26T07:54:15Z,2024-11-26T08:51:14Z
11,Vienna,Schollach,80.22,2024-11-26T09:17:04Z,2024-11-26T10:28:11Z
11,Schollach,Tumeltsham,139.68,2024-11-26T10:39:15Z,2024-11-26T12:10:27Z
11,Tumeltsham,Gunzenhof,161.3,2024-11-26T12:43:10Z,2024-11-26T14:41:29Z
11,Gunzenhof,Schildeck,188.21,2024-11-26T14:50:35Z,2024-11-26T17:15:57Z
11,Schildeck,Rauschenberg,94.1,2024-11-26T17:33:32Z,2024-11-26T19:11:46Z
11,Rauschenberg,Rauschenberg,1.45,2024-11-27T18:19:59Z,2024-11-27T18:24:00Z
11,Rauschenberg,Rauschenberg,1.45,2024-11-27T18:43:17Z,2024-11-27T18:47:18Z
12,Rauschenberg,Marburg,11.87,2024-12-02T09:06:54Z,2024-12-02T09:27:02Z
12,Marburg,Rauschenberg,11.7,2024-12-02T10:23:20Z,2024-12-02T10:45:39Z
12,Rauschenberg,Kirchhain,6.63,2024-12-03T14:57:15Z,2024-12-03T15:15:41Z
12,Kirchhain,Rauschenberg,6.75,2024-12-03T15:29:28Z,2024-12-03T15:42:04Z
12,Rauschenberg,Kirchhain,6.68,2024-12-04T10:58:44Z,2024-12-04T11:12:02Z
12,Kirchhain,Rauschenberg,6.65,2024-12-04T11:56:16Z,2024-12-04T12:08:04Z
12,Rauschenberg,Kirchhain,6.6,2024-12-06T09:01:54Z,2024-12-06T09:19:08Z
12,Kirchhain,Salzgitter,182.33,2024-12-06T09:48:55Z,2024-12-06T12:26:39Z
12,Salzgitter,Berlin,210.59,2024-12-06T13:08:03Z,2024-12-06T16:17:28Z
12,Berlin,Berlin,6.3,2024-12-06T17:19:26Z,2024-12-06T17:46:10Z
12,Berlin,Berlin,0.58,2024-12-06T19:51:37Z,2024-12-06T20:01:42Z
12,Berlin,Berlin,0.56,2024-12-06T21:13:51Z,2024-12-06T21:23:57Z
12,Berlin,Berlin,6.43,2024-12-07T07:30:23Z,2024-12-07T07:48:29Z
12,Berlin,Berlin,0.08,2024-12-07T07:55:21Z,2024-12-07T08:16:42Z
12,Berlin,Berlin,6.37,2024-12-08T10:38:13Z,2024-12-08T10:57:49Z
12,Berlin,Berlin,6.27,2024-12-08T13:50:29Z,2024-12-08T14:10:53Z
12,Berlin,Berlin,0.16,2024-12-08T14:34:52Z,2024-12-08T14:42:54Z
12,Berlin,Berlin,0.09,2024-12-08T16:40:19Z,2024-12-08T16:42:20Z
12,Berlin,Berlin,0.29,2024-12-08T18:06:27Z,2024-12-08T18:16:35Z
12,Berlin,Berlin,5.83,2024-12-08T18:16:35Z,2024-12-08T18:32:54Z
12,Berlin,Berlin,0.15,2024-12-09T08:24:24Z,2024-12-09T08:30:25Z
12,Berlin,Berlin,5.94,2024-12-09T08:30:25Z,2024-12-09T08:50:57Z
12,Berlin,Berlin,0.08,2024-12-09T08:50:57Z,2024-12-09T08:52:57Z
12,Berlin,Berlin,0.14,2024-12-09T12:07:47Z,2024-12-09T12:12:35Z
12,Berlin,Teupitz,44.55,2024-12-09T12:12:35Z,2024-12-09T12:59:54Z
12,Teupitz,Ústí nad Labem,158.56,2024-12-09T13:28:12Z,2024-12-09T15:32:23Z
12,Ústí nad Labem,Capital City of Prague,75.97,2024-12-09T15:55:28Z,2024-12-09T16:48:35Z
12,Capital City of Prague,Chvalovice,187.99,2024-12-09T17:08:14Z,2024-12-09T20:06:42Z
12,Chvalovice,Vienna,66.05,2024-12-09T20:16:30Z,2024-12-09T21:22:04Z
12,Vienna,Weppersdorf,69.02,2024-12-09T21:46:10Z,2024-12-09T22:57:36Z
12,Weppersdorf,Weppersdorf,1.03,2024-12-11T09:51:25Z,2024-12-11T09:58:14Z
12,Weppersdorf,Weppersdorf,0.54,2024-12-11T10:02:28Z,2024-12-11T10:08:28Z
12,Grad Slunj,Općina Tounj,8.64,2024-12-12T09:13:03Z,2024-12-12T10:01:27Z
12,Grad Ogulin,Durmanec,120.88,2024-12-12T10:07:15Z,2024-12-12T11:35:42Z
12,Durmanec,Sankt Johann in der Haide,115.97,2024-12-12T11:43:42Z,2024-12-12T13:29:56Z
12,Sankt Johann in der Haide,Weppersdorf,44.17,2024-12-12T14:44:50Z,2024-12-12T15:48:44Z
12,Weppersdorf,Weppersdorf,1.01,2024-12-13T08:18:31Z,2024-12-13T08:22:11Z
12,Weppersdorf,Weppersdorf,1.03,2024-12-13T08:26:30Z,2024-12-13T08:28:31Z
12,Weppersdorf,Weppersdorf,0.29,2024-12-13T08:54:46Z,2024-12-13T09:12:58Z
12,Weppersdorf,Mattersburg,16.22,2024-12-13T14:48:47Z,2024-12-13T15:24:37Z
12,Mattersburg,Weppersdorf,15.99,2024-12-13T16:03:22Z,2024-12-13T16:24:14Z
12,Weppersdorf,Weppersdorf,1.03,2024-12-16T10:18:58Z,2024-12-16T10:30:20Z
12,Weppersdorf,Weppersdorf,0.5,2024-12-16T10:53:27Z,2024-12-16T11:05:12Z
12,Weppersdorf,Kaisersdorf,4.72,2024-12-16T11:11:13Z,2024-12-16T11:23:17Z
12,Kaisersdorf,Weppersdorf,5.89,2024-12-16T11:27:24Z,2024-12-16T11:39:27Z
12,Weppersdorf,Vienna,70.89,2024-12-17T21:02:32.097Z,2024-12-18T09:18:30Z
12,Vienna,Vienna,5.76,2024-12-18T11:58:05Z,2024-12-18T12:18:18Z
12,Vienna,Weppersdorf,68.85,2024-12-18T14:27:01Z,2024-12-18T15:44:09Z
12,Weppersdorf,Vienna,66.6,2024-12-19T09:52:50Z,2024-12-19T10:55:23Z
12,Vienna,Vienna,4.96,2024-12-19T12:24:06Z,2024-12-19T12:47:22Z
12,Vienna,Weppersdorf,62.29,2024-12-19T15:29:25Z,2024-12-19T16:27:01Z
12,Weppersdorf,Wiener Neustadt,27.36,2024-12-20T05:15:54.399Z,2024-12-20T17:43:46Z
12,Wiener Neustadt,Weppersdorf,27.34,2024-12-20T17:59:40Z,2024-12-20T18:23:16Z
12,Weppersdorf,Kirchschlag in der Buckligen Welt,13.57,2024-12-21T07:23:44Z,2024-12-21T07:46:54Z
12,Kirchschlag in der Buckligen Welt,Vienna,74.94,2024-12-21T07:56:00Z,2024-12-21T09:20:28Z
12,Vienna,Vienna,7.7,2024-12-21T09:30:37Z,2024-12-21T10:00:23Z
12,Vienna,Vienna,0.4,2024-12-21T10:00:23Z,2024-12-21T10:16:25Z
12,Vienna,Vienna,0.4,2024-12-21T11:54:28Z,2024-12-21T12:20:34Z
12,Vienna,Vienna,0.53,2024-12-21T13:54:13Z,2024-12-21T14:08:18Z
12,Vienna,Weppersdorf,68.72,2024-12-21T14:21:21Z,2024-12-21T15:30:01Z
12,Weppersdorf,Donnerskirchen,38.11,2024-12-22T16:21:42Z,2024-12-22T17:04:47Z
12,Donnerskirchen,Weppersdorf,38.14,2024-12-22T17:10:23Z,2024-12-22T17:45:44Z
12,Weppersdorf,Weppersdorf,1.04,2024-12-23T08:16:27Z,2024-12-23T08:20:28Z
12,Weppersdorf,Wiener Neustadt,30.5,2024-12-23T08:29:07Z,2024-12-23T09:01:23Z
12,Wiener Neustadt,Bad Fischau-Brunn,1.91,2024-12-23T09:07:33Z,2024-12-23T09:30:00Z
12,Bad Fischau-Brunn,Wiener Neustadt,0.29,2024-12-23T09:56:06Z,2024-12-23T10:00:09Z
12,Wiener Neustadt,Bad Fischau-Brunn,2.51,2024-12-23T10:20:12Z,2024-12-23T10:31:19Z
12,Bad Fischau-Brunn,Weppersdorf,32.89,2024-12-23T11:29:49Z,2024-12-23T11:55:41Z
12,Weppersdorf,Stoob Süd,9.36,2024-12-24T10:25:14Z,2024-12-24T10:35:12Z
12,Stoob Süd,Weppersdorf,9.37,2024-12-24T11:20:25Z,2024-12-24T11:32:28Z
12,Weppersdorf,Vienna,67.6,2024-12-26T02:06:48.646Z,2024-12-28T11:34:23Z
12,Vienna,Wolfsgraben,14.63,2024-12-28T14:10:31Z,2024-12-28T14:42:30Z
12,Wolfsgraben,Bad Fischau-Brunn,35.7,2024-12-28T14:55:37Z,2024-12-28T15:42:29Z
12,Weppersdorf,Stoob Süd,9.35,2024-12-29T17:48:29.833Z,2024-12-31T08:40:24Z
12,Stoob Süd,Weppersdorf,9.08,2024-12-31T09:10:13Z,2024-12-31T09:34:03Z
12,Weppersdorf,Mattersburg,18.01,2024-12-31T12:50:48Z,2024-12-31T13:07:02Z
12,Mattersburg,Mattersburg,1.1,2024-12-31T13:48:05Z,2024-12-31T13:49:29Z
12,Mattersburg,Weppersdorf,17.41,2024-12-31T13:58:23Z,2024-12-31T14:18:32Z
